"","trial","accent","stress","type","target","stressed.syllable.L1","stressed.syllable.L2","L1.L2","Nsyllables_correct","condition","stressSCORE","sDURz","peakAMPz","peakF0z","peakDEC","stressed_mistimingL2L1","correct","asynchrony","asynchrony_L2L1","time_syl_L2","time_syl_L1","time_stress","time_beat","stressed_syllable","syllables_detected","ppn","stressed_mistiming_raw"
"1","C1.I.1","yes","difference","+written accent, +stress difference","análisis",3,2,1,4,"nogesture",1.32680683875096,1.91586327889256,1.07437221578194,1.0303912894193,-2.69301490282714,0,"L2 correct",647,-647,1250,1346,1250,1897,2,4,"Pilot_PPN_1",0
"2","C1.I.2","yes","difference","+written accent, +stress difference","centímetro",3,2,1,4,"nogesture",1.25249436266427,1.20046171216826,1.55602866081856,1.03894708963217,-0.00830840223443374,-40,"L2 correct",401,-401,1456,1496,1496,1897,3,4,"Pilot_PPN_1",0
"3","C1.I.3","yes","difference","+written accent, +stress difference","pirámide",3,2,1,4,"nogesture",0.930973232120959,1.34094149656357,0.868648999595187,0.611540510268397,-0.00827577908489729,0,"L2 correct",215,-215,1351,1366,1351,1566,2,4,"Pilot_PPN_1",0
"4","C1.I.4","yes","difference","+written accent, +stress difference","cardiólogo",3,2,1,4,"nogesture",0.938512420226127,1.16860353148786,0.967720217850245,0.707653281650161,-0.0109167957275531,-105,"L2 correct",-15,15,1411,1516,1516,1501,3,4,"Pilot_PPN_1",0
"5","C1.I.5","yes","difference","+written accent, +stress difference","máquina",2,1,1,3,"nogesture",0.908504669938242,1.40903109491125,0.781898053385511,0.562115306061544,-4.14473192435213,-340,"L2 incorrect & L1 mismatch",-15,15,915,1210,1255,1240,3,3,"Pilot_PPN_1",0
"6","C1.I.6","yes","difference","+written accent, +stress difference","automóvil",4,3,1,4,"nogesture",1.02895939711733,0.948825406259101,1.38204480217039,0.787188570713925,-0.0080316754906562,0,"L2 correct",150,-150,1331,1526,1331,1481,3,4,"Pilot_PPN_1",0
"7","C1.I.7","yes","difference","+written accent, +stress difference","teléfono",3,2,1,4,"nogesture",0.88005240325635,1.2534570923164,0.723161302578987,0.6902070695178,-0.0114970116019322,-311,"L2 incorrect & L1 mismatch",-316,316,1150,1451,1461,1145,4,4,"Pilot_PPN_1",0
"8","C1.I.8","yes","difference","+written accent, +stress difference","fórmula",2,1,1,3,"nogesture",0.81880556367649,1.17570169173271,0.663166159595881,0.642361129509256,-0.00736443832261102,-260,"L2 incorrect & L1 mismatch",0,0,1065,1215,1325,1325,3,3,"Pilot_PPN_1",0
"9","C1.I.9","yes","difference","+written accent, +stress difference","acróbata",3,2,1,4,"nogesture",1.30831762487634,1.2988693153353,1.59659211221847,1.06913743570788,-6.65029733511597,0,"L2 correct",472,-472,1320,1476,1320,1792,2,4,"Pilot_PPN_1",0
"10","C1.I.10","yes","difference","+written accent, +stress difference","satélito",3,2,1,4,"nogesture",1.29302305467803,0.644613888211927,2.13470917018631,1.13892862244428,-0.00921445925951048,0,"L2 correct",266,-266,1245,1381,1245,1511,2,4,"Pilot_PPN_1",0
"11","C1.I.11","yes","difference","+written accent, +stress difference","gráfico",2,1,1,3,"nogesture",1.53072064515427,1.17360982426182,2.12226588537675,1.34267169991982,-5.57366697711473,0,"L2 correct",-80,80,1015,1320,1015,935,1,3,"Pilot_PPN_1",0
"12","C1.I.12","yes","difference","+written accent, +stress difference","océano",3,2,1,4,"nogesture",1.27901837606181,0.0931453310442951,2.57358551069904,1.20908241905003,-0.00709390653878472,0,"L2 correct",70,-70,1230,1346,1230,1300,2,4,"Pilot_PPN_1",0
"13","C1.I.13","yes","difference","+written accent, +stress difference","carnívora",3,2,1,4,"nogesture",1.16872010914538,0.622662837465115,2.01434520137478,0.904568049479439,-0.00502607992302728,0,"L2 correct",376,-376,1506,1636,1506,1882,2,4,"Pilot_PPN_1",0
"14","C1.I.14","yes","difference","+written accent, +stress difference","católico",3,2,1,4,"nogesture",0.940249857208101,0.50753421662573,1.30419999864539,1.03750777626858,-0.0104087326701574,-55,"L2 correct",-330,330,1170,1225,1225,895,3,4,"Pilot_PPN_1",0
"15","C1.I.15","yes","difference","+written accent, +stress difference","demócrata",3,2,1,4,"nogesture",0.928813207782678,0.567267686582079,1.20993058511279,1.03738720643446,-1.93709669403165,0,"L2 correct",506,-506,2072,2358,2072,2578,2,4,"Pilot_PPN_1",0
"16","C1.I.16","yes","difference","+written accent, +stress difference","gramófono",3,2,1,4,"nogesture",1.4908077782835,1.11791630444938,2.36242159147717,1.03726143220526,-0.0130228743500993,266,"L2 incorrect & L1 mismatch",426,-426,1561,1812,1295,1721,1,4,"Pilot_PPN_1",0
"17","C1.I.17","yes","difference","+written accent, +stress difference","micrófono",3,2,1,4,"nogesture",1.3804406136831,0.515393382210045,2.47387616575481,1.1938838268324,-2.07744341922421,290,"L2 incorrect & L1 mismatch",601,-601,1320,1586,1030,1631,1,4,"Pilot_PPN_1",0
"18","C1.I.18","yes","difference","+written accent, +stress difference","metáfora",3,2,1,4,"nogesture",1.01867390909262,-0.217392499361509,2.33000491434321,0.974278218632296,-0.00939657117237402,195,"L2 incorrect & L1 mismatch",661,-661,1200,1431,1005,1666,1,4,"Pilot_PPN_1",0
"19","C1.I.19","yes","difference","+written accent, +stress difference","catástrofe",3,2,1,4,"nogesture",1.30480471698874,0.516240779393407,1.86271261015688,1.57500029829437,-0.0076523740074208,-246,"L2 correct",311,-311,1235,1481,1481,1792,3,4,"Pilot_PPN_1",0
"20","C1.I.20","yes","difference","+written accent, +stress difference","cafetería",3,4,-1,5,"nogesture",1.29429434312323,1.2430217901125,1.56862528832502,1.11045699163287,-0.00810025427313121,0,"L2 correct",65,65,1506,1376,1506,1571,4,5,"Pilot_PPN_1",0
"21","C1.E.21","yes","difference","+written accent, +stress difference","sofá",1,2,-1,2,"nogesture",1.75957899685747,0.819217894856767,2.5364416087997,1.97639806257828,-4.33638360638582,0,"L2 correct",-135,-135,1195,1030,1195,1060,2,2,"Pilot_PPN_1",0
"22","C2.I.1","no","difference","-written accent, +stress difference","clima",2,1,1,2,"nogesture",1.07965792586743,0.869346779947485,1.35099350986546,1.05135039463381,-0.0104406163809472,-45,"L2 incorrect & L1 mismatch",241,-241,1180,1225,1225,1466,2,2,"Pilot_PPN_1",0
"23","C2.I.2","no","difference","-written accent, +stress difference","vacaciones",2,3,-1,4,"nogesture",1.1632684473487,0.285705985432556,1.915610802715,1.32373911290912,-0.00578234646172859,0,"L2 correct",506,506,1451,1245,1451,1957,3,4,"Pilot_PPN_1",0
"24","C2.I.3","no","difference","-written accent, +stress difference","profesor",2,3,-1,3,"nogesture",1.44466263850442,0.978195671999995,1.81637959026107,1.58319030896445,-0.00764404062465474,0,"L2 correct",155,155,1441,1250,1441,1596,3,3,"Pilot_PPN_1",0
"25","C2.I.4","no","difference","-written accent, +stress difference","ventilador",3,4,-1,4,"nogesture",1.2790312098548,0.618367193443738,2.39460477623791,0.862880181393514,-0.00675065351401827,-516,"L2 incorrect & L1 mismatch",491,491,1606,1366,1090,1581,1,4,"Pilot_PPN_1",0
"26","C2.I.5","no","difference","-written accent, +stress difference","internet",1,3,-2,3,"nogesture",1.03961140428573,1.01460759177345,1.40160861172836,0.734121385242834,-0.00428603574778208,0,"L2 correct",160,160,1541,1175,1541,1701,3,3,"Pilot_PPN_1",0
"27","C2.I.6","no","difference","-written accent, +stress difference","mamut",1,2,-1,2,"nogesture",0.738718248733738,0.668078181183861,0.855229443988532,0.715232522505601,-0.0116495193883566,0,"L2 correct",60,60,1125,985,1125,1185,2,2,"Pilot_PPN_1",0
"28","C2.I.7","no","difference","-written accent, +stress difference","horizonte",1,3,-2,4,"nogesture",1.11475176798662,0.504282777371372,1.70247502977693,1.17127785341722,-0.544294081041471,0,"L2 correct",-86,-86,1341,1020,1341,1255,3,4,"Pilot_PPN_1",0
"29","C2.I.8","no","difference","-written accent, +stress difference","doctor",1,2,-1,2,"nogesture",1.61043451321045,0.971467103806227,2.4124545958852,1.49618288579478,-0.00822922687666505,-316,"L2 correct",501,501,1341,1025,1025,1526,1,2,"Pilot_PPN_1",0
"30","C2.I.9","no","difference","-written accent, +stress difference","radiador",2,3,-1,3,"nogesture",0.685539290260455,1.19178141314894,0.353743293312772,0.531867082206333,-0.00905267941197963,0,"L2 correct",-50,-50,1441,1290,1441,1391,3,3,"Pilot_PPN_1",0
"31","C2.I.10","no","difference","-written accent, +stress difference","ilustrador",3,4,-1,4,"nogesture",1.19033355141787,1.41499766831997,1.23108184371204,0.960991855900939,-0.0106869928606557,0,"L2 correct",181,181,1766,1596,1766,1947,4,4,"Pilot_PPN_1",0
"32","C2.I.11","no","difference","-written accent, +stress difference","color",1,2,-1,2,"nogesture",0.816126141343225,0.673690511938421,0.839889044451971,0.959529962831502,-0.0110999772718969,0,"L2 correct",60,60,1055,1020,1055,1115,2,2,"Pilot_PPN_1",0
"33","C2.I.12","no","difference","-written accent, +stress difference","error",1,2,-1,2,"nogesture",0.801232958287896,0.848302555035868,0.639416836017124,0.94025927042548,-0.00833984047312697,0,"L2 correct",-40,-40,1205,1025,1205,1165,2,2,"Pilot_PPN_1",0
"34","C2.I.13","no","difference","-written accent, +stress difference","factor",1,2,-1,2,"nogesture",1.44375674705114,0.930953128019851,1.75407358910666,1.689993728483,-5.18259014760679,0,"L2 correct",-10,-10,1411,1140,1411,1401,2,2,"Pilot_PPN_1",0
"35","C2.I.14","no","difference","-written accent, +stress difference","festival",1,3,-2,3,"nogesture",1.04892769237538,1.1119870808313,1.12589854171362,0.940683142228971,-0.0118618185122159,0,"L2 correct",-85,-85,1566,1230,1566,1481,3,3,"Pilot_PPN_1",0
"36","C2.I.15","no","difference","-written accent, +stress difference","uniforme",1,3,-2,4,"nogesture",1.32626029385155,0.827819466622759,2.1856679337349,1.00548318707126,-0.00580968449025931,-255,"L2 incorrect & L1 mismatch",476,476,1621,1361,1366,1842,2,4,"Pilot_PPN_1",0
"37","C2.I.16","no","difference","-written accent, +stress difference","alcohol",1,3,-2,3,"nogesture",0.96467949723998,1.22118148550826,0.987533894360236,0.714555823889018,-0.00751743595583321,0,"L2 correct",-166,-166,1336,1055,1336,1170,3,3,"Pilot_PPN_1",0
"38","C2.I.17","no","difference","-written accent, +stress difference","actor",2,2,0,2,"nogesture",1.52486180033232,0.788108247916533,2.11783514050079,1.71484994592305,-4.04276812897314,0,"L2 correct",205,205,1411,1411,1411,1616,2,2,"Pilot_PPN_1",0
"39","C2.I.18","no","difference","-written accent, +stress difference","alergia",3,2,1,3,"nogesture",1.34015614510669,1.09220826821424,1.83294213160247,1.13592882777931,-0.018735446282335,0,"L2 correct",351,-351,1676,2062,1676,2027,2,3,"Pilot_PPN_1",0
"40","C2.I.19","no","difference","-written accent, +stress difference","farmacia",3,2,1,3,"nogesture",1.26752787733197,1.6097084042918,1.23735676693473,0.993928396446116,-0.0153283202805596,0,"L2 correct",456,-456,1180,1521,1180,1636,2,3,"Pilot_PPN_1",0
"41","C2.I.20","no","difference","-written accent, +stress difference","aristocracia",5,4,1,5,"nogesture",1.18186734245441,1.16941250147716,1.23645304644123,1.17555064133741,-0.0142848889156539,-265,"L2 correct",55,-55,1792,2057,2057,2112,5,5,"Pilot_PPN_1",0
"42","C2.E.21","no","difference","-written accent, +stress difference","elefantes",1,3,-2,4,"nogesture",1.32323059835899,1.32796142300996,1.53604728238737,1.14578098659961,-0.00955074518378751,0,"L2 correct",281,281,1295,1030,1295,1576,3,4,"Pilot_PPN_1",0
"43","C3.I.1","yes","same","+written accent, -stress difference","brócoli",1,1,0,3,"nogesture",0.884307112624197,1.31226756522683,0.658415042353896,0.709035915522899,-0.0102688169079101,381,"L2 incorrect & L1 mismatch",-141,-141,1040,1040,1421,1280,3,3,"Pilot_PPN_1",0
"44","C3.I.2","yes","same","+written accent, -stress difference","político",2,2,0,4,"nogesture",1.58392706771086,1.26808672612144,1.8080558481254,1.72363641881636,-2.62149728829229,0,"L2 correct",-90,-90,1110,1110,1110,1020,2,4,"Pilot_PPN_1",0
"45","C3.I.3","yes","same","+written accent, -stress difference","cámara",1,1,0,3,"nogesture",0.728262813191842,0.555983445788599,0.798663826515989,0.852209737367659,-0.375245938536636,60,"L2 incorrect & L1 mismatch",100,100,1075,1075,1135,1235,2,3,"Pilot_PPN_1",0
"46","C3.I.4","yes","same","+written accent, -stress difference","número",1,1,0,3,"nogesture",1.34026346936669,1.28378151740702,1.96475482009409,0.812868115125241,-0.00879249487979905,0,"L2 correct",380,380,1361,1361,1361,1741,1,3,"Pilot_PPN_1",0
"47","C3.I.5","yes","same","+written accent, -stress difference","fútbol",1,1,0,2,"nogesture",1.01386403657639,0.944808033161756,1.44391444220862,0.683592786982318,-0.00701951056339567,185,"L2 incorrect & L1 mismatch",40,40,1085,1085,1270,1310,2,2,"Pilot_PPN_1",0
"48","C3.I.6","yes","same","+written accent, -stress difference","saxofón",3,3,0,3,"nogesture",1.58539955182972,0.96465578566643,2.1586528490867,1.68093243139755,-1.18050192671922,0,"L2 correct",-546,-546,1566,1566,1566,1020,3,3,"Pilot_PPN_1",0
"49","C3.I.7","yes","same","+written accent, -stress difference","carácter",2,2,0,3,"nogesture",0.88905090064343,1.01997414474559,0.558680149631815,1.11543934393602,-4.30383583326284,0,"L2 correct",100,100,1105,1105,1105,1205,2,3,"Pilot_PPN_1",0
"50","C3.I.8","yes","same","+written accent, -stress difference","analítico",3,3,0,5,"nogesture",1.29048724814486,1.68904091369871,1.43143948918616,0.790087015735926,-0.791951611255683,-215,"L2 incorrect & L1 mismatch",446,446,1320,1320,1105,1551,2,5,"Pilot_PPN_1",0
"51","C3.I.9","yes","same","+written accent, -stress difference","círculo",1,1,0,3,"nogesture",1.43924024674649,1.5010486551679,1.54815103654039,1.31213438934168,-0.0110612316391325,301,"L2 incorrect & L1 mismatch",-361,-361,1085,1085,1386,1025,3,3,"Pilot_PPN_1",0
"52","C3.I.10","yes","same","+written accent, -stress difference","álbum",1,1,0,2,"nogesture",0.660928210422554,-1.09600587527998,2.04054673435524,1.05827189978097,-0.0060078077954131,0,"L2 correct",386,386,1070,1070,1070,1456,1,2,"Pilot_PPN_1",0
"53","C3.I.11","yes","same","+written accent, -stress difference","ángel",1,1,0,2,"nogesture",0.726313286000412,0.75788633925606,0.690166509432762,0.752896502827577,-3.65001627050052,381,"L2 incorrect & L1 mismatch",95,95,1020,1020,1401,1496,2,2,"Pilot_PPN_1",0
"54","C3.I.12","yes","same","+written accent, -stress difference","capitán",3,3,0,3,"nogesture",1.07328874922945,0.911307206390335,1.34584198466205,0.995240958127781,-2.91012160040896,0,"L2 correct",-236,-236,1361,1361,1361,1125,3,3,"Pilot_PPN_1",0
"55","C3.I.13","yes","same","+written accent, -stress difference","pragmática",2,2,0,4,"nogesture",1.18203680309488,0.874066481768584,1.60752000256607,1.10034322201346,-1.40743017227874,0,"L2 correct",66,66,1270,1270,1270,1336,2,4,"Pilot_PPN_1",0
"56","C3.I.14","yes","same","+written accent, -stress difference","volcán",2,2,0,2,"nogesture",0.770601689533305,0.835706472321676,0.753670051505481,0.745780111122254,-0.0184325904972411,0,"L2 correct",-95,-95,1325,1325,1325,1230,2,2,"Pilot_PPN_1",0
"57","C3.I.15","yes","same","+written accent, -stress difference","teoría",3,3,0,4,"nogesture",1.10083522548142,1.34734796281619,1.17609445388451,0.812421902939976,-0.00984776638370022,0,"L2 correct",-40,-40,1541,1541,1541,1501,3,4,"Pilot_PPN_1",0
"58","C3.I.16","yes","same","+written accent, -stress difference","geográfico",3,3,0,5,"nogesture",1.24805769087871,0.988528147775481,1.79246904329403,1.00099581159324,-3.53370323987372,0,"L2 correct",-190,-190,1641,1641,1641,1451,3,5,"Pilot_PPN_1",0
"59","C3.I.17","yes","same","+written accent, -stress difference","académico",3,3,0,5,"nogesture",1.31214585801937,1.24429598687363,1.78505427542892,0.946849307453119,-0.0123895928450111,0,"L2 correct",325,325,1336,1336,1336,1661,3,5,"Pilot_PPN_1",0
"60","C3.I.18","yes","same","+written accent, -stress difference","romántico",2,2,0,4,"nogesture",1.08651091364627,1.27848179217774,1.20949282035398,0.804482701547875,-0.0126415506126705,0,"L2 correct",116,116,1270,1270,1270,1386,2,4,"Pilot_PPN_1",0
"61","C3.I.19","yes","same","+written accent, -stress difference","espárrago",2,2,0,4,"nogesture",1.10552416610671,-0.209304046090682,2.41116138605137,1.1482158906657,-0.00728981818997454,0,"L2 correct",36,36,1756,1756,1756,1792,2,4,"Pilot_PPN_1",0
"62","C3.I.20","yes","same","+written accent, -stress difference","helicóptero",3,3,0,5,"nogesture",1.00871860184328,0.375952273599288,1.5405911151675,1.14017964712195,-0.00814245295327964,0,"L2 correct",-70,-70,1446,1446,1446,1376,3,5,"Pilot_PPN_1",0
"63","C3.E.21","yes","same","+written accent, -stress difference","histórico",2,2,0,4,"nogesture",1.47599163154576,1.11138958950174,1.87597526521601,1.48533705905727,-0.0270156087617579,0,"L2 correct",456,456,1401,1401,1401,1857,2,4,"Pilot_PPN_1",0
"64","C4.I.1","no","same","-written accent, -stress difference","parasol",3,3,0,3,"nogesture",1.23918818164351,0.81151891417532,1.89042731696367,1.05316947081104,-0.0112682683743515,0,"L2 correct",-331,-331,1461,1461,1461,1130,3,3,"Pilot_PPN_1",0
"65","C4.I.2","no","same","-written accent, -stress difference","universidad",5,5,0,5,"nogesture",1.13688394924229,0.0280810434465844,2.49740381357423,0.91961801947098,-0.00834556176141632,-401,"L2 incorrect & L1 mismatch",571,571,1516,1516,1115,1686,2,5,"Pilot_PPN_1",0
"66","C4.I.3","no","same","-written accent, -stress difference","formulario",3,3,0,4,"nogesture",0.590951581622815,1.39288536441222,-0.156262334489528,0.554139338631297,-5.32504012779918,80,"L2 incorrect & L1 mismatch",-245,-245,3706,3706,3786,3541,4,4,"Pilot_PPN_1",0
"67","C4.I.4","no","same","-written accent, -stress difference","mango",1,1,0,2,"nogesture",1.34634364814832,1.16641601317432,2.06361155249283,0.849801671145954,-4.1485151986011,0,"L2 correct",45,45,1000,1000,1000,1045,1,2,"Pilot_PPN_1",0
"68","C4.I.5","no","same","-written accent, -stress difference","tomate",2,2,0,3,"nogesture",0.900012958919252,0.663966825715434,1.23378042473738,0.829564746272195,-0.0123695376930755,0,"L2 correct",-50,-50,1200,1200,1200,1150,2,3,"Pilot_PPN_1",0
"69","C4.I.6","no","same","-written accent, -stress difference","princesa",2,2,0,3,"nogesture",1.49178118868655,1.43036052881578,1.707102045675,1.38308648213513,-0.00689665611071177,-285,"L2 incorrect & L1 mismatch",491,491,1290,1290,1005,1496,1,3,"Pilot_PPN_1",0
"70","C4.I.7","no","same","-written accent, -stress difference","cables",1,1,0,2,"nogesture",0.920348777410118,-1.38450093791063,2.86773448536869,1.30570214166351,-0.00569203621580527,0,"L2 correct",205,205,1115,1115,1115,1320,1,2,"Pilot_PPN_1",0
"71","C4.I.8","no","same","-written accent, -stress difference","proceso",2,2,0,3,"nogesture",1.77015162232233,1.35774337876869,2.37919972245615,1.62715272399433,-0.0126674198886576,0,"L2 correct",205,205,1351,1351,1351,1556,2,3,"Pilot_PPN_1",0
"72","C4.I.9","no","same","-written accent, -stress difference","papel",2,2,0,2,"nogesture",1.04119627518617,0.60803678989357,1.56996713018148,0.97713630776184,-0.00406444364853087,0,"L2 correct",241,241,1325,1325,1325,1566,2,2,"Pilot_PPN_1",0
"73","C4.I.10","no","same","-written accent, -stress difference","programa",2,2,0,3,"nogesture",0.717277621745673,1.1372959034994,0.516052306627424,0.520220340617638,-2.84681640631163,120,"L2 incorrect & L1 mismatch",235,235,1341,1341,1461,1696,3,3,"Pilot_PPN_1",0
"74","C4.I.11","no","same","-written accent, -stress difference","ensalada",2,3,-1,4,"nogesture",1.20398421075203,1.65838920098721,1.17866898405943,0.811378817232222,-0.00873653285111686,0,"L2 correct",326,326,1521,1431,1521,1847,3,4,"Pilot_PPN_1",0
"75","C4.I.12","no","same","-written accent, -stress difference","chocolate",3,3,0,4,"nogesture",1.50433908000411,1.29468365819548,2.07286446983134,1.19105514471292,-0.00614373178996175,0,"L2 correct",100,100,1195,1195,1195,1295,3,4,"Pilot_PPN_1",0
"76","C4.I.13","no","same","-written accent, -stress difference","limonada",3,3,0,4,"nogesture",1.25158105551206,0.395034933675013,2.50106782782401,0.896567103689034,-0.0089645480109084,-416,"L2 incorrect & L1 mismatch",481,481,1636,1636,1220,1701,1,4,"Pilot_PPN_1",0
"77","C4.I.14","no","same","-written accent, -stress difference","restaurante",3,3,0,4,"nogesture",1.26447821094766,1.60938495454542,1.39409564974685,0.828271550094571,-1.98139935085169,0,"L2 correct",386,386,1671,1671,1671,2057,3,4,"Pilot_PPN_1",0
"78","C4.I.15","no","same","-written accent, -stress difference","blusa",1,1,0,2,"nogesture",1.54032803656467,1.07828368779662,2.36415403412153,1.22522299494449,-1.19074777787455,0,"L2 correct",361,361,1005,1005,1005,1366,1,2,"Pilot_PPN_1",0
"79","C4.I.16","no","same","-written accent, -stress difference","cabina",2,2,0,3,"nogesture",1.31968250973338,1.43693587891926,1.50762658753015,1.05447544183356,-0.0137443354390143,0,"L2 correct",-20,-20,1361,1361,1361,1341,2,3,"Pilot_PPN_1",0
"80","C4.I.17","no","same","-written accent, -stress difference","familia",2,2,0,3,"nogesture",1.11276742085094,1.17677626588086,1.38083133782307,0.814414883723148,-0.0113558955276858,0,"L2 correct",171,171,1190,1190,1190,1361,2,3,"Pilot_PPN_1",0
"81","C4.I.18","no","same","-written accent, -stress difference","canal",2,2,0,2,"nogesture",0.772580395836716,0.68759550410484,1.061888484117,0.591668726434871,-0.00646754557396889,0,"L2 correct",50,50,1155,1155,1155,1205,2,2,"Pilot_PPN_1",0
"82","C4.I.19","no","same","-written accent, -stress difference","centro",1,1,0,2,"nogesture",1.56903119980943,0.953255292234936,2.49563202902669,1.30575267816089,-0.220528126002364,0,"L2 correct",186,186,1210,1210,1210,1396,1,2,"Pilot_PPN_1",0
"83","C4.I.20","no","same","-written accent, -stress difference","insectos",2,2,0,3,"nogesture",2.16236237200695,1.83319071133427,3.01026530634149,1.70915723083015,-0.283611695797845,-255,"L2 incorrect & L1 mismatch",561,561,1275,1275,1020,1581,1,3,"Pilot_PPN_1",0
"84","C4.E.21","no","same","-written accent, -stress difference","planeta",2,2,0,3,"nogesture",1.16117890786588,1.53320886382725,1.23247891271319,0.753036186689519,-0.00636017945339518,0,"L2 correct",311,311,1145,1145,1145,1456,2,3,"Pilot_PPN_1",0
"85","P.C1.1","yes","difference","+written accent, +stress difference","simpático",3,2,1,4,"nogesture",NA,NA,NA,NA,NA,NA,NA,NA,NA,NA,NA,NA,NA,NA,NA,NA,0
"86","P.C1.2","yes","difference","+written accent, +stress difference","símbolo",2,1,1,3,"nogesture",NA,NA,NA,NA,NA,NA,NA,NA,NA,NA,NA,NA,NA,NA,NA,NA,0
"87","P.C1.3","yes","difference","+written accent, +stress difference","kilómetro",3,2,1,4,"nogesture",NA,NA,NA,NA,NA,NA,NA,NA,NA,NA,NA,NA,NA,NA,NA,NA,0
"88","P.C2.1","no","difference","-written accent, +stress difference","carnaval",1,3,-2,3,"nogesture",NA,NA,NA,NA,NA,NA,NA,NA,NA,NA,NA,NA,NA,NA,NA,NA,0
"89","P.C2.2","no","difference","-written accent, +stress difference","democracia",4,3,1,4,"nogesture",NA,NA,NA,NA,NA,NA,NA,NA,NA,NA,NA,NA,NA,NA,NA,NA,0
"90","P.C2.3","no","difference","-written accent, +stress difference","voleibol",1,3,-2,3,"nogesture",NA,NA,NA,NA,NA,NA,NA,NA,NA,NA,NA,NA,NA,NA,NA,NA,0
"91","P.C3.1","yes","same","+written accent, -stress difference","económico",3,3,0,5,"nogesture",NA,NA,NA,NA,NA,NA,NA,NA,NA,NA,NA,NA,NA,NA,NA,NA,0
"92","P.C3.2","yes","same","+written accent, -stress difference","energía",3,3,0,4,"nogesture",NA,NA,NA,NA,NA,NA,NA,NA,NA,NA,NA,NA,NA,NA,NA,NA,0
"93","P.C3.3","yes","same","+written accent, -stress difference","ecología",4,4,0,5,"nogesture",NA,NA,NA,NA,NA,NA,NA,NA,NA,NA,NA,NA,NA,NA,NA,NA,0
"94","P.C4.1","no","same","-written accent, -stress difference","mandarina",3,3,0,4,"nogesture",NA,NA,NA,NA,NA,NA,NA,NA,NA,NA,NA,NA,NA,NA,NA,NA,0
"95","P.C4.2","no","same","-written accent, -stress difference","sistema",2,2,0,3,"nogesture",NA,NA,NA,NA,NA,NA,NA,NA,NA,NA,NA,NA,NA,NA,NA,NA,0
"96","P.C4.3","no","same","-written accent, -stress difference","bailarina",3,3,0,4,"nogesture",NA,NA,NA,NA,NA,NA,NA,NA,NA,NA,NA,NA,NA,NA,NA,NA,0
"97","C1.I.1","yes","difference","+written accent, +stress difference","análisis",3,2,1,4,"gesture",1.37023896998257,1.74075113505971,1.35609376837605,1.05539439954173,-1.01290249866122,0,"L2 correct",15,-15,1280,1406,1280,1295,2,4,"Pilot_PPN_1",0
"98","C1.I.2","yes","difference","+written accent, +stress difference","centímetro",3,2,1,4,"gesture",0.91654858543346,-0.208435533716074,1.84685404911729,1.13900144045775,-1.18590084315781,0,"L2 correct",-75,75,1411,1496,1411,1336,2,4,"Pilot_PPN_1",0
"99","C1.I.3","yes","difference","+written accent, +stress difference","pirámide",3,2,1,4,"gesture",0.744021133475541,0.858162225698705,0.746871196066152,0.64957607361557,-1.51085250851975,0,"L2 correct",-150,150,1531,1561,1531,1381,2,4,"Pilot_PPN_1",0
"100","C1.I.4","yes","difference","+written accent, +stress difference","cardiólogo",3,2,1,4,"gesture",1.3497447359792,0.936245719524914,2.33366560270684,0.820224241341577,-1.38753326012306,0,"L2 correct",61,-61,1320,1456,1320,1381,2,4,"Pilot_PPN_1",0
"101","C1.I.5","yes","difference","+written accent, +stress difference","máquina",2,1,1,3,"gesture",0.956015723049615,-0.0814985652953992,2.13597798753058,0.842537920339407,-3.30735218493464,0,"L2 correct",70,-70,1150,1481,1150,1220,1,3,"Pilot_PPN_1",0
"102","C1.I.6","yes","difference","+written accent, +stress difference","automóvil",4,3,1,4,"gesture",1.01231508752136,0.914406359905068,1.43329879017457,0.719916327257821,-2.5581152809558,0,"L2 correct",-170,170,1576,1766,1576,1406,3,4,"Pilot_PPN_1",0
"103","C1.I.7","yes","difference","+written accent, +stress difference","teléfono",3,2,1,4,"gesture",1.04462489108502,0.923849887955351,1.11715278384264,1.12452730118692,-3.95851030276691,0,"L2 correct",85,-85,1115,1471,1115,1200,2,4,"Pilot_PPN_1",0
"104","C1.I.8","yes","difference","+written accent, +stress difference","fórmula",2,1,1,3,"gesture",1.03084196780739,0.932054842551081,1.41603778830598,0.775670907953202,-4.44649307533109,-190,"L2 correct",-155,155,1135,1325,1325,1170,2,3,"Pilot_PPN_1",0
"105","C1.I.9","yes","difference","+written accent, +stress difference","acróbata",3,2,1,4,"gesture",1.28288535648881,0.885910429857758,1.89684681306947,1.1047741403722,-1.10408024361482,0,"L2 correct",-86,86,1366,1566,1366,1280,2,4,"Pilot_PPN_1",0
"106","C1.I.10","yes","difference","+written accent, +stress difference","satélito",3,2,1,4,"gesture",1.54740008035338,1.0234089169292,2.67481971850234,0.990862517154453,-3.78860842864879,0,"L2 correct",-25,25,1220,1391,1220,1195,2,4,"Pilot_PPN_1",0
"107","C1.I.11","yes","difference","+written accent, +stress difference","gráfico",2,1,1,3,"gesture",1.33355496188933,0.480282018400725,2.3164407860475,1.24435283764066,-2.40726397139497,0,"L2 correct",130,-130,1135,1446,1135,1265,1,3,"Pilot_PPN_1",0
"108","C1.I.12","yes","difference","+written accent, +stress difference","océano",3,2,1,4,"gesture",1.29962604870507,0.5037616512716,2.37814794132442,1.05635116105572,-2.30834427939681,0,"L2 correct",-35,35,1305,1521,1305,1270,2,4,"Pilot_PPN_1",0
"109","C1.I.13","yes","difference","+written accent, +stress difference","carnívora",3,2,1,4,"gesture",1.1104392301108,0.96340813491433,1.51509343835676,0.886465790701026,-4.28259949468554,0,"L2 correct",-30,30,1466,1536,1466,1436,2,4,"Pilot_PPN_1",0
"110","C1.I.14","yes","difference","+written accent, +stress difference","católico",3,2,1,4,"gesture",1.15782927133385,0.278248476540507,2.18465502912253,1.04567004383349,-4.5348429390952,0,"L2 correct",-25,25,1215,1285,1215,1190,2,4,"Pilot_PPN_1",0
"111","C1.I.15","yes","difference","+written accent, +stress difference","demócrata",3,2,1,4,"gesture",1.06599806179136,0.793175213536707,1.560352461523,0.876769481883802,-2.51742751927452,0,"L2 correct",25,-25,1371,1671,1371,1396,2,4,"Pilot_PPN_1",0
"112","C1.I.16","yes","difference","+written accent, +stress difference","gramófono",3,2,1,4,"gesture",1.11490126481019,1.27303725105438,1.2949917959185,0.81045963427014,-2.91380964878942,0,"L2 correct",81,-81,1325,1661,1325,1406,2,4,"Pilot_PPN_1",0
"113","C1.I.17","yes","difference","+written accent, +stress difference","micrófono",3,2,1,4,"gesture",1.15348687010395,0.994300974086781,1.49895021458948,1.00216356921449,-1.50698467376014,0,"L2 correct",5,-5,1270,1536,1270,1275,2,4,"Pilot_PPN_1",0
"114","C1.I.18","yes","difference","+written accent, +stress difference","metáfora",3,2,1,4,"gesture",1.4495231251329,0.679948848600224,2.61009879141948,1.10244667856483,-1.87860310199949,230,"L2 incorrect & L1 mismatch",210,-210,1280,1541,1050,1260,1,4,"Pilot_PPN_1",0
"115","C1.I.19","yes","difference","+written accent, +stress difference","catástrofe",3,2,1,4,"gesture",1.68584490150513,1.18885390427043,2.37449146013825,1.54527554924322,-1.19492003761638,0,"L2 correct",65,-65,1215,1531,1215,1280,2,4,"Pilot_PPN_1",0
"116","C1.I.20","yes","difference","+written accent, +stress difference","cafetería",3,4,-1,5,"gesture",1.21039481161327,1.31042225019245,1.42021644543806,0.937224369864258,-3.58478705334255,0,"L2 correct",-311,-311,1441,1255,1441,1130,4,5,"Pilot_PPN_1",0
"117","C1.E.21","yes","difference","+written accent, +stress difference","sofá",1,2,-1,2,"gesture",1.72968433342008,0.764251117208077,2.55270525167089,1.92451130815158,-2.53801931954064,0,"L2 correct",-130,-130,1250,1080,1250,1120,2,2,"Pilot_PPN_1",0
"118","C2.I.1","no","difference","-written accent, +stress difference","clima",2,1,1,2,"gesture",0.850963103384782,0.909990553951429,0.931893121018229,0.736792395893319,-3.860151242001,-75,"L2 incorrect & L1 mismatch",-30,30,1120,1195,1195,1165,2,2,"Pilot_PPN_1",0
"119","C2.I.2","no","difference","-written accent, +stress difference","vacaciones",2,3,-1,4,"gesture",1.37817984667494,0.207764579198289,2.47483945360692,1.49369853287644,-1.03170252608584,0,"L2 correct",-100,-100,1471,1250,1471,1371,3,4,"Pilot_PPN_1",0
"120","C2.I.3","no","difference","-written accent, +stress difference","profesor",2,3,-1,3,"gesture",1.4465763971988,0.866814068488414,1.8661873524555,1.65056341905244,-1.89606033353414,0,"L2 correct",-60,-60,1892,1706,1892,1832,3,3,"Pilot_PPN_1",0
"121","C2.I.4","no","difference","-written accent, +stress difference","ventilador",3,4,-1,4,"gesture",0.913999577541521,1.04377523286342,0.957357526438823,0.768562930217519,-0.952595502427016,0,"L2 correct",-106,-106,1396,1135,1396,1290,4,4,"Pilot_PPN_1",0
"122","C2.I.5","no","difference","-written accent, +stress difference","internet",1,3,-2,3,"gesture",0.940731966449561,0.916421119408476,1.10091414032086,0.833367668905696,-0.88434972229237,0,"L2 correct",-30,-30,1305,1045,1305,1275,3,3,"Pilot_PPN_1",0
"123","C2.I.6","no","difference","-written accent, +stress difference","mamut",1,2,-1,2,"gesture",0.867107585096951,0.633939035906183,1.29309078749247,0.700568919319383,-1.41103900349327,0,"L2 correct",-10,-10,1120,1030,1120,1110,2,2,"Pilot_PPN_1",0
"124","C2.I.7","no","difference","-written accent, +stress difference","horizonte",1,3,-2,4,"gesture",1.1435543725623,0.701019592108101,1.68753719957257,1.07675948881114,-1.20573143172385,0,"L2 correct",-111,-111,1396,1075,1396,1285,3,4,"Pilot_PPN_1",0
"125","C2.I.8","no","difference","-written accent, +stress difference","doctor",1,2,-1,2,"gesture",1.39832367985357,1.15284958221567,1.91068137298094,1.17381352920816,-1.37712404465458,-271,"L2 correct",185,185,1366,1095,1095,1280,1,2,"Pilot_PPN_1",0
"126","C2.I.9","no","difference","-written accent, +stress difference","radiador",2,3,-1,3,"gesture",0.965596728610852,0.522650549096794,1.63187739739081,0.771522746272552,-1.06505998137402,-451,"L2 incorrect & L1 mismatch",626,626,1566,1356,1115,1741,1,3,"Pilot_PPN_1",0
"127","C2.I.10","no","difference","-written accent, +stress difference","ilustrador",3,4,-1,4,"gesture",1.26690257979225,1.22314580260228,1.49803438475106,1.11791853928984,-0.998108161557127,0,"L2 correct",-5,-5,1782,1621,1782,1777,4,4,"Pilot_PPN_1",0
"128","C2.I.11","no","difference","-written accent, +stress difference","color",1,2,-1,2,"gesture",0.876677364043821,0.718867293966977,1.1120220546434,0.825708724249686,-3.07861521632753,0,"L2 correct",-15,-15,1235,1090,1235,1220,2,2,"Pilot_PPN_1",0
"129","C2.I.12","no","difference","-written accent, +stress difference","error",1,2,-1,2,"gesture",0.979227416749364,0.787331778874691,1.0468032596634,1.13322076979332,-3.68801277364025,0,"L2 correct",-10,-10,1225,1100,1225,1215,2,2,"Pilot_PPN_1",0
"130","C2.I.13","no","difference","-written accent, +stress difference","factor",1,2,-1,2,"gesture",1.41541908096703,0.897274455936065,1.63106991122776,1.7608043630393,-2.71787016019732,0,"L2 correct",-261,-261,1812,1556,1812,1551,2,2,"Pilot_PPN_1",0
"131","C2.I.14","no","difference","-written accent, +stress difference","festival",1,3,-2,3,"gesture",1.29587382974774,1.1511212929479,1.6679861299347,1.10778297029237,-2.59564824558043,0,"L2 correct",-10,-10,1576,1356,1576,1566,3,3,"Pilot_PPN_1",0
"132","C2.I.15","no","difference","-written accent, +stress difference","uniforme",1,3,-2,4,"gesture",0.787882769006914,-0.088588911583863,1.51973550087292,0.956376953156135,-4.54524021171329,0,"L2 correct",20,20,1917,1556,1917,1937,3,4,"Pilot_PPN_1",0
"133","C2.I.16","no","difference","-written accent, +stress difference","alcohol",1,3,-2,3,"gesture",0.822046221586062,0.983548649444411,0.750378359996706,0.757122146880282,-3.15447648875283,0,"L2 correct",-126,-126,1346,995,1346,1220,3,3,"Pilot_PPN_1",0
"134","C2.I.17","no","difference","-written accent, +stress difference","actor",2,2,0,2,"gesture",1.58699573566437,0.790435181334524,2.59501002880615,1.42363277672106,-0.781407728938348,0,"L2 correct",-15,-15,1325,1325,1325,1310,2,2,"Pilot_PPN_1",0
"135","C2.I.18","no","difference","-written accent, +stress difference","alergia",3,2,1,3,"gesture",1.02221908951233,1.19232261335308,1.06940070557787,0.835910285651862,-1.12663665414664,0,"L2 correct",-25,25,1381,1681,1381,1356,2,3,"Pilot_PPN_1",0
"136","C2.I.19","no","difference","-written accent, +stress difference","farmacia",3,2,1,3,"gesture",1.2507959824831,1.13821396950579,1.62526877167684,1.02680811482675,-1.05755930983594,0,"L2 correct",40,-40,1255,1601,1255,1295,2,3,"Pilot_PPN_1",0
"137","C2.I.20","no","difference","-written accent, +stress difference","aristocracia",5,4,1,5,"gesture",1.21502959419716,0.802729860199697,1.60177122123575,1.27740677976807,-4.46545172970184,0,"L2 correct",-30,30,2092,2363,2092,2062,4,5,"Pilot_PPN_1",0
"138","C2.E.21","no","difference","-written accent, +stress difference","elefantes",1,3,-2,4,"gesture",1.40692333296333,1.23318933757236,1.77201194641261,1.25820275529786,-4.32465008885123,0,"L2 correct",-10,-10,1471,1185,1471,1461,3,4,"Pilot_PPN_1",0
"139","C3.I.1","yes","same","+written accent, -stress difference","brócoli",1,1,0,3,"gesture",1.50878469053581,0.895240097332519,2.56085212295937,1.11598259951358,-4.0270947406691,0,"L2 correct",175,175,1055,1055,1055,1230,1,3,"Pilot_PPN_1",0
"140","C3.I.2","yes","same","+written accent, -stress difference","político",2,2,0,4,"gesture",1.53058137775601,1.70005621193825,1.56531501887702,1.37275415632416,-3.1056865689186,0,"L2 correct",15,15,1120,1120,1120,1135,2,4,"Pilot_PPN_1",0
"141","C3.I.3","yes","same","+written accent, -stress difference","cámara",1,1,0,3,"gesture",0.744118731051953,-1.44584035554597,2.69635844310452,1.00438715805343,-3.97795415241018,0,"L2 correct",15,15,1190,1190,1190,1205,1,3,"Pilot_PPN_1",0
"142","C3.I.4","yes","same","+written accent, -stress difference","número",1,1,0,3,"gesture",0.730716286468682,-0.796570028009972,2.26543175344076,0.745430051747041,-1.00226295023435,0,"L2 correct",31,31,1300,1300,1300,1331,1,3,"Pilot_PPN_1",0
"143","C3.I.5","yes","same","+written accent, -stress difference","fútbol",1,1,0,2,"gesture",0.902808048947592,1.02086373620315,1.04423285540738,0.670685374897315,-3.12183535386686,171,"L2 incorrect & L1 mismatch",-221,-221,1235,1235,1406,1185,2,2,"Pilot_PPN_1",0
"144","C3.I.6","yes","same","+written accent, -stress difference","saxofón",3,3,0,3,"gesture",1.39932152305912,0.964917900856286,1.68754519120687,1.58790515963115,-3.99643971650812,0,"L2 correct",-166,-166,1426,1426,1426,1260,3,3,"Pilot_PPN_1",0
"145","C3.I.7","yes","same","+written accent, -stress difference","carácter",2,2,0,3,"gesture",1.16739281787201,1.31030225168053,1.24526080872065,0.981990933150358,-3.91924532827375,0,"L2 correct",-30,-30,1185,1185,1185,1155,2,3,"Pilot_PPN_1",0
"146","C3.I.8","yes","same","+written accent, -stress difference","analítico",3,3,0,5,"gesture",1.17965113109354,1.18369372871816,1.41907285645886,0.971933812076134,-7.3396514241015,0,"L2 correct",-115,-115,1175,1175,1175,1060,3,5,"Pilot_PPN_1",0
"147","C3.I.9","yes","same","+written accent, -stress difference","círculo",1,1,0,3,"gesture",1.21089680036342,-0.226136756616907,2.38271476588381,1.5128062342586,-2.1266955807007,0,"L2 correct",70,70,1060,1060,1060,1130,1,3,"Pilot_PPN_1",0
"148","C3.I.10","yes","same","+written accent, -stress difference","álbum",1,1,0,2,"gesture",0.53145931600219,-1.00682601780893,1.71733925361356,0.899969539959585,-2.66002601616913,0,"L2 correct",25,25,1135,1135,1135,1160,1,2,"Pilot_PPN_1",0
"149","C3.I.11","yes","same","+written accent, -stress difference","ángel",1,1,0,2,"gesture",0.854902003020077,0.699439155819427,1.12700718058697,0.764165793957477,-2.02965511971399,316,"L2 incorrect & L1 mismatch",-281,-281,1240,1240,1556,1275,2,2,"Pilot_PPN_1",0
"150","C3.I.12","yes","same","+written accent, -stress difference","capitán",3,3,0,3,"gesture",1.11733109259124,0.860736411195139,1.57542246557283,0.949692918963049,-0.970410567089118,0,"L2 correct",-121,-121,1421,1421,1421,1300,3,3,"Pilot_PPN_1",0
"151","C3.I.13","yes","same","+written accent, -stress difference","pragmática",2,2,0,4,"gesture",1.16327971383649,0.972312530244164,1.53324252731797,1.01953498436664,-3.49979081442245,0,"L2 correct",75,75,1331,1331,1331,1406,2,4,"Pilot_PPN_1",0
"152","C3.I.14","yes","same","+written accent, -stress difference","volcán",2,2,0,2,"gesture",0.859921495367386,0.672111320286645,1.07390935474276,0.859802038205098,-2.26573842569081,0,"L2 correct",-90,-90,1185,1185,1185,1095,2,2,"Pilot_PPN_1",0
"153","C3.I.15","yes","same","+written accent, -stress difference","teoría",3,3,0,4,"gesture",1.08738062920172,1.194521071111,1.31139543726455,0.78917630738725,-0.907319254650133,0,"L2 correct",-46,-46,1356,1356,1356,1310,3,4,"Pilot_PPN_1",0
"154","C3.I.16","yes","same","+written accent, -stress difference","geográfico",3,3,0,5,"gesture",1.17689982979817,1.43929544727908,1.13081170777253,0.996255965548898,-4.05321023584827,0,"L2 correct",-20,-20,1942,1942,1942,1922,3,5,"Pilot_PPN_1",0
"155","C3.I.17","yes","same","+written accent, -stress difference","académico",3,3,0,5,"gesture",1.20403315623855,1.08859179114631,1.65700780716072,0.902985723627978,-1.04287004097648,0,"L2 correct",35,35,1285,1285,1285,1320,3,5,"Pilot_PPN_1",0
"156","C3.I.18","yes","same","+written accent, -stress difference","romántico",2,2,0,4,"gesture",1.24283627693931,1.57448177798531,1.42618259868465,0.765506159509758,-0.822667622132144,0,"L2 correct",55,55,1250,1250,1250,1305,2,4,"Pilot_PPN_1",0
"157","C3.I.19","yes","same","+written accent, -stress difference","espárrago",2,2,0,4,"gesture",1.11651212270453,-0.419770127577697,2.63731549917847,1.16582469720082,-1.29004749190801,0,"L2 correct",-10,-10,1280,1280,1280,1270,2,4,"Pilot_PPN_1",0
"158","C3.I.20","yes","same","+written accent, -stress difference","helicóptero",3,3,0,5,"gesture",0.936543132750648,1.46339628116726,0.679454818422586,0.695158393593931,-1.06937514895503,360,"L2 incorrect & L1 mismatch",-330,-330,1782,1782,2142,1812,5,5,"Pilot_PPN_1",0
"159","C3.E.21","yes","same","+written accent, -stress difference","histórico",2,2,0,4,"gesture",1.25002592307092,-0.370315230245404,2.75881628674099,1.39945628614357,-1.00251577636902,0,"L2 correct",66,66,1285,1285,1285,1351,2,4,"Pilot_PPN_1",0
"160","C4.I.1","no","same","-written accent, -stress difference","parasol",3,3,0,3,"gesture",1.26057854030335,0.769871282868652,1.89889988218315,1.15116380556441,-3.30561747804552,0,"L2 correct",-5,-5,1431,1431,1431,1426,3,3,"Pilot_PPN_1",0
"161","C4.I.2","no","same","-written accent, -stress difference","universidad",5,5,0,5,"gesture",1.1363690998084,1.18710845696225,1.29431517201649,0.962119097713394,-3.69998187716533,0,"L2 correct",-30,-30,1711,1711,1711,1681,5,5,"Pilot_PPN_1",0
"162","C4.I.3","no","same","-written accent, -stress difference","formulario",3,3,0,4,"gesture",0.838017218037954,0.771384185303209,1.07251127774218,0.69555065222114,-1.35982432417859,0,"L2 correct",-105,-105,1441,1441,1441,1336,3,4,"Pilot_PPN_1",0
"163","C4.I.4","no","same","-written accent, -stress difference","mango",1,1,0,2,"gesture",0.57382599300093,-1.04557846354654,2.13861643593874,0.645828673065168,-8.8451361878999,0,"L2 correct",20,20,1080,1080,1080,1100,1,2,"Pilot_PPN_1",0
"164","C4.I.5","no","same","-written accent, -stress difference","tomate",2,2,0,3,"gesture",0.992218019843565,0.890410874516337,1.29625048304379,0.820059914693097,-4.11507635371856,0,"L2 correct",120,120,1366,1366,1366,1486,2,3,"Pilot_PPN_1",0
"165","C4.I.6","no","same","-written accent, -stress difference","princesa",2,2,0,3,"gesture",1.39267569635908,1.1708222393256,1.92298016053264,1.12642698304806,-1.10645028998897,-281,"L2 incorrect & L1 mismatch",236,236,1391,1391,1110,1346,1,3,"Pilot_PPN_1",0
"166","C4.I.7","no","same","-written accent, -stress difference","cables",1,1,0,2,"gesture",0.803164190050473,0.69138238289177,0.748843512713357,0.9936049833357,-0.718397334327278,161,"L2 incorrect & L1 mismatch",-125,-125,1295,1295,1456,1331,2,2,"Pilot_PPN_1",0
"167","C4.I.8","no","same","-written accent, -stress difference","proceso",2,2,0,3,"gesture",1.47334593075652,0.0842152997232304,2.71169332903099,1.6687760099019,-0.906315215858513,0,"L2 correct",-36,-36,1331,1331,1331,1295,2,3,"Pilot_PPN_1",0
"168","C4.I.9","no","same","-written accent, -stress difference","papel",2,2,0,2,"gesture",1.05713328353129,0.563904042990619,1.60220013582495,1.03733001370351,-3.14552082518878,0,"L2 correct",-85,-85,1320,1320,1320,1235,2,2,"Pilot_PPN_1",0
"169","C4.I.10","no","same","-written accent, -stress difference","programa",2,2,0,3,"gesture",0.831110363726324,0.892106034095331,1.07021798850419,0.556192231116608,-4.29758952370389,0,"L2 correct",-25,-25,1225,1225,1225,1200,2,3,"Pilot_PPN_1",0
"170","C4.I.11","no","same","-written accent, -stress difference","ensalada",2,3,-1,4,"gesture",1.19229835000587,1.5189361024248,1.28680093051099,0.807288270112289,-4.42161444456463,0,"L2 correct",-75,-75,1516,1255,1516,1441,3,4,"Pilot_PPN_1",0
"171","C4.I.12","no","same","-written accent, -stress difference","chocolate",3,3,0,4,"gesture",1.32159149123532,1.19995039855303,1.67284001027286,1.1320322918872,-2.97842886833041,0,"L2 correct",5,5,1225,1225,1225,1230,3,4,"Pilot_PPN_1",0
"172","C4.I.13","no","same","-written accent, -stress difference","limonada",3,3,0,4,"gesture",0.814643189872786,-0.978309723335767,2.69341865829101,0.75350679193199,-0.802509966249715,-341,"L2 incorrect & L1 mismatch",205,205,1426,1426,1085,1290,1,4,"Pilot_PPN_1",0
"173","C4.I.14","no","same","-written accent, -stress difference","restaurante",3,3,0,4,"gesture",1.32333504112623,1.53957051979329,1.4743322784129,0.996203387024805,-4.76957289614438,0,"L2 correct",-170,-170,1661,1661,1661,1491,3,4,"Pilot_PPN_1",0
"174","C4.I.15","no","same","-written accent, -stress difference","blusa",1,1,0,2,"gesture",0.804974510194143,-1.35758685585763,2.32850090055953,1.46840265285611,-2.80896935307004,0,"L2 correct",75,75,1100,1100,1100,1175,1,2,"Pilot_PPN_1",0
"175","C4.I.16","no","same","-written accent, -stress difference","cabina",2,2,0,3,"gesture",0.910639359818674,1.03897290911844,1.05664838095174,0.663891921501556,-2.61645285003726,40,"L2 incorrect & L1 mismatch",-146,-146,1356,1356,1396,1250,3,3,"Pilot_PPN_1",0
"176","C4.I.17","no","same","-written accent, -stress difference","familia",2,2,0,3,"gesture",1.17546249571789,1.12628918412925,1.51456377072078,0.921154607931464,-3.74037953948618,0,"L2 correct",0,0,1491,1491,1491,1491,2,3,"Pilot_PPN_1",0
"177","C4.I.18","no","same","-written accent, -stress difference","canal",2,2,0,2,"gesture",0.784065048971665,0.661498630066939,1.16039016079464,0.554065902991947,-1.10176726366899,0,"L2 correct",20,20,1305,1305,1305,1325,2,2,"Pilot_PPN_1",0
"178","C4.I.19","no","same","-written accent, -stress difference","centro",1,1,0,2,"gesture",0.86182421860411,1.0215844203223,0.690638541941566,0.899365578960707,-2.82055493371075,326,"L2 incorrect & L1 mismatch",-286,-286,1090,1090,1416,1130,2,2,"Pilot_PPN_1",0
"179","C4.I.20","no","same","-written accent, -stress difference","insectos",2,2,0,3,"gesture",1.7984762765673,0.912227317622817,2.87387189207059,1.66382890111661,-2.20492322424263,-246,"L2 incorrect & L1 mismatch",246,246,1391,1391,1145,1391,1,3,"Pilot_PPN_1",0
"180","C4.E.21","no","same","-written accent, -stress difference","planeta",2,2,0,3,"gesture",0.849002014740662,0.770427518119394,1.22373976690624,0.578566092976374,-3.09493251640788,0,"L2 correct",-10,-10,1230,1230,1230,1220,2,3,"Pilot_PPN_1",0
"181","P.C1.1","yes","difference","+written accent, +stress difference","simpático",3,2,1,4,"gesture",NA,NA,NA,NA,NA,NA,NA,NA,NA,NA,NA,NA,NA,NA,NA,NA,0
"182","P.C1.2","yes","difference","+written accent, +stress difference","símbolo",2,1,1,3,"gesture",NA,NA,NA,NA,NA,NA,NA,NA,NA,NA,NA,NA,NA,NA,NA,NA,0
"183","P.C1.3","yes","difference","+written accent, +stress difference","kilómetro",3,2,1,4,"gesture",NA,NA,NA,NA,NA,NA,NA,NA,NA,NA,NA,NA,NA,NA,NA,NA,0
"184","P.C2.1","no","difference","-written accent, +stress difference","carnaval",1,3,-2,3,"gesture",NA,NA,NA,NA,NA,NA,NA,NA,NA,NA,NA,NA,NA,NA,NA,NA,0
"185","P.C2.2","no","difference","-written accent, +stress difference","democracia",4,3,1,4,"gesture",NA,NA,NA,NA,NA,NA,NA,NA,NA,NA,NA,NA,NA,NA,NA,NA,0
"186","P.C2.3","no","difference","-written accent, +stress difference","voleibol",1,3,-2,3,"gesture",NA,NA,NA,NA,NA,NA,NA,NA,NA,NA,NA,NA,NA,NA,NA,NA,0
"187","P.C3.1","yes","same","+written accent, -stress difference","económico",3,3,0,5,"gesture",NA,NA,NA,NA,NA,NA,NA,NA,NA,NA,NA,NA,NA,NA,NA,NA,0
"188","P.C3.2","yes","same","+written accent, -stress difference","energía",3,3,0,4,"gesture",NA,NA,NA,NA,NA,NA,NA,NA,NA,NA,NA,NA,NA,NA,NA,NA,0
"189","P.C3.3","yes","same","+written accent, -stress difference","ecología",4,4,0,5,"gesture",NA,NA,NA,NA,NA,NA,NA,NA,NA,NA,NA,NA,NA,NA,NA,NA,0
"190","P.C4.1","no","same","-written accent, -stress difference","mandarina",3,3,0,4,"gesture",NA,NA,NA,NA,NA,NA,NA,NA,NA,NA,NA,NA,NA,NA,NA,NA,0
"191","P.C4.2","no","same","-written accent, -stress difference","sistema",2,2,0,3,"gesture",NA,NA,NA,NA,NA,NA,NA,NA,NA,NA,NA,NA,NA,NA,NA,NA,0
"192","P.C4.3","no","same","-written accent, -stress difference","bailarina",3,3,0,4,"gesture",NA,NA,NA,NA,NA,NA,NA,NA,NA,NA,NA,NA,NA,NA,NA,NA,0
"193","C1.I.1","yes","difference","+written accent, +stress difference","análisis",3,2,1,4,"nogesture",1.5163134874811,1.54370473968961,1.90534789152505,1.14583672478866,-0.0164511257235063,0,"L2 correct",466,-466,1130,1315,1130,1596,2,4,"Pilot_PPN_2",0
"194","C1.I.2","yes","difference","+written accent, +stress difference","centímetro",3,2,1,4,"nogesture",1.27365146347432,0.368797765011116,2.27525262182243,1.21549950248257,-0.0134189613834224,0,"L2 correct",296,-296,1616,1676,1616,1912,2,4,"Pilot_PPN_2",0
"195","C1.I.3","yes","difference","+written accent, +stress difference","pirámide",3,2,1,4,"nogesture",0.836220071757438,1.32131203319051,0.705165626570285,0.507522557685981,-0.00977463706271919,0,"L2 correct",365,-365,1827,2072,1827,2192,2,4,"Pilot_PPN_2",0
"196","C1.I.4","yes","difference","+written accent, +stress difference","cardiólogo",3,2,1,4,"nogesture",0.920712363206884,1.20461115954191,1.05456593719991,0.53086036752146,-2.08757954168323,0,"L2 correct",411,-411,1421,1606,1421,1832,2,4,"Pilot_PPN_2",0
"197","C1.I.5","yes","difference","+written accent, +stress difference","máquina",2,1,1,3,"nogesture",0.871475334506775,1.13204270656507,0.847951029420939,0.660840611004216,-0.0184205174077761,-220,"L2 incorrect & L1 mismatch",56,-56,1095,1280,1315,1371,3,3,"Pilot_PPN_2",0
"198","C1.I.6","yes","difference","+written accent, +stress difference","automóvil",4,3,1,4,"nogesture",0.939991134185786,0.333408474618654,1.53351800414294,0.981531503619571,-0.0157388111365435,0,"L2 correct",10,-10,2002,2137,2002,2012,3,4,"Pilot_PPN_2",0
"199","C1.I.7","yes","difference","+written accent, +stress difference","teléfono",3,2,1,4,"nogesture",0.918753481646666,0.683708257500251,1.26140717062969,0.838986031405413,-0.014463415849832,0,"L2 correct",-65,65,1401,1721,1401,1336,2,4,"Pilot_PPN_2",0
"200","C1.I.8","yes","difference","+written accent, +stress difference","fórmula",2,1,1,3,"nogesture",1.21215348326345,0.408538548794498,2.27237170008186,0.992282124649244,-0.0279768705763672,0,"L2 correct",-70,70,1250,1396,1250,1180,1,3,"Pilot_PPN_2",0
"201","C1.I.9","yes","difference","+written accent, +stress difference","acróbata",3,2,1,4,"nogesture",1.55688910463117,0.838939632862631,2.49636638776384,1.38253975098312,-0.0117051724055273,0,"L2 correct",-166,166,1341,1456,1341,1175,2,4,"Pilot_PPN_2",0
"202","C1.I.10","yes","difference","+written accent, +stress difference","satélito",3,2,1,4,"nogesture",1.13705884426404,-0.475974997529847,2.80340868143249,1.11819917750355,-0.0145179249111607,0,"L2 correct",-316,316,1481,1526,1481,1165,2,4,"Pilot_PPN_2",0
"203","C1.I.11","yes","difference","+written accent, +stress difference","gráfico",2,1,1,3,"nogesture",1.48501508590132,1.06424000654603,1.94127721938744,1.49452848891899,-0.0246316131385811,0,"L2 correct",-95,95,1471,1586,1471,1376,1,3,"Pilot_PPN_2",0
"204","C1.I.12","yes","difference","+written accent, +stress difference","océano",3,2,1,4,"nogesture",0.927672844233467,0.219165535984568,1.62645093995973,0.965513355066214,-0.0137039225965054,-80,"L2 incorrect & L1 mismatch",391,-391,1476,1556,1556,1947,3,4,"Pilot_PPN_2",0
"205","C1.I.13","yes","difference","+written accent, +stress difference","carnívora",3,2,1,4,"nogesture",1.04906540084338,1.04111609089233,1.13304158262602,1.0048283896434,-0.0131656939383902,-115,"L2 correct",151,-151,1516,1631,1631,1782,3,4,"Pilot_PPN_2",0
"206","C1.I.14","yes","difference","+written accent, +stress difference","católico",3,2,1,4,"nogesture",1.35163699257795,0.150254482128536,2.57462572318696,1.37098946916314,-0.0306997959435193,0,"L2 correct",285,-285,1406,1516,1406,1691,2,4,"Pilot_PPN_2",0
"207","C1.I.15","yes","difference","+written accent, +stress difference","demócrata",3,2,1,4,"nogesture",1.06833953301739,0.977903631114634,1.34260580639762,0.916883086782861,-0.0145484173140176,0,"L2 correct",-205,205,1320,1591,1320,1115,2,4,"Pilot_PPN_2",0
"208","C1.I.16","yes","difference","+written accent, +stress difference","gramófono",3,2,1,4,"nogesture",0.852427824141612,0.220208414991214,1.44449178689533,0.918414416724403,-0.0121832497522973,0,"L2 correct",476,-476,1331,1581,1331,1807,2,4,"Pilot_PPN_2",0
"209","C1.I.17","yes","difference","+written accent, +stress difference","micrófono",3,2,1,4,"nogesture",1.26919363268275,0.367627871015325,2.47992580294286,0.998487637201648,-0.0145773650287992,0,"L2 correct",370,-370,1376,1621,1376,1746,2,4,"Pilot_PPN_2",0
"210","C1.I.18","yes","difference","+written accent, +stress difference","metáfora",3,2,1,4,"nogesture",1.25110366321837,0.0164145398076434,2.54516531690684,1.22964336515936,-0.00810860572164529,0,"L2 correct",116,-116,1280,1531,1280,1396,2,4,"Pilot_PPN_2",0
"211","C1.I.19","yes","difference","+written accent, +stress difference","catástrofe",3,2,1,4,"nogesture",1.68970389071157,1.58182018086018,1.62075395144096,1.91774068803695,-0.0111524236724563,-265,"L2 correct",110,-110,1356,1621,1621,1731,3,4,"Pilot_PPN_2",0
"212","C1.I.20","yes","difference","+written accent, +stress difference","cafetería",3,4,-1,5,"nogesture",1.18136807872366,0.598477606565043,1.81028454444037,1.17114111785417,-0.0171184776968403,-35,"L2 incorrect & L1 mismatch",-296,-296,1606,1571,1571,1275,3,5,"Pilot_PPN_2",0
"213","C1.E.21","yes","difference","+written accent, +stress difference","sofá",1,2,-1,2,"nogesture",1.51640494706768,0.811679449913428,2.21480137369723,1.56868568265502,-0.00844394264640869,0,"L2 correct",-276,-276,1341,1205,1341,1065,2,2,"Pilot_PPN_2",0
"214","C2.I.1","no","difference","-written accent, +stress difference","clima",2,1,1,2,"nogesture",0.818120289243069,0.819520172751559,0.871877295069916,0.787754923824189,-0.00908598416140194,-105,"L2 correct",-165,165,1135,1240,1240,1075,2,2,"Pilot_PPN_2",0
"215","C2.I.2","no","difference","-written accent, +stress difference","vacaciones",2,3,-1,4,"nogesture",1.326723766883,0.468963025055016,1.98788575603793,1.56352627006766,-0.0183863923623448,0,"L2 correct",-10,-10,1546,1361,1546,1536,3,4,"Pilot_PPN_2",0
"216","C2.I.3","no","difference","-written accent, +stress difference","profesor",2,3,-1,3,"nogesture",1.24379083987893,0.87289269945323,1.79615673602732,1.10001371566771,-0.019768752357777,0,"L2 correct",191,191,1596,1441,1596,1787,3,3,"Pilot_PPN_2",0
"217","C2.I.4","no","difference","-written accent, +stress difference","ventilador",3,4,-1,4,"nogesture",0.949583320570201,1.06085908102779,0.888104907551056,0.928561225270243,-0.0162123969712411,0,"L2 correct",-205,-205,1591,1295,1591,1386,4,4,"Pilot_PPN_2",0
"218","C2.I.5","no","difference","-written accent, +stress difference","internet",1,3,-2,3,"nogesture",1.09353154164026,0.900028464587717,1.13926086192224,1.27444261785446,-0.0151772398792218,0,"L2 correct",25,25,1451,1185,1451,1476,3,3,"Pilot_PPN_2",0
"219","C2.I.6","no","difference","-written accent, +stress difference","mamut",1,2,-1,2,"nogesture",0.939880392094647,0.513672706227231,1.47093676389044,0.863512930169137,-0.0203489244554476,0,"L2 correct",-170,-170,1325,1220,1325,1155,2,2,"Pilot_PPN_2",0
"220","C2.I.7","no","difference","-written accent, +stress difference","horizonte",1,3,-2,4,"nogesture",1.1459905642239,1.06297363516843,1.4243640794917,0.985360964806237,-1.65118975010978,0,"L2 correct",-261,-261,1476,1260,1476,1215,3,4,"Pilot_PPN_2",0
"221","C2.I.8","no","difference","-written accent, +stress difference","doctor",1,2,-1,2,"nogesture",1.49969211843117,0.719578569576192,2.03654281605091,1.78840018537646,-0.00786164867236039,0,"L2 correct",-240,-240,1225,1060,1225,985,2,2,"Pilot_PPN_2",0
"222","C2.I.9","no","difference","-written accent, +stress difference","radiador",2,3,-1,3,"nogesture",0.991542824706319,0.77455403404221,1.4160032846891,0.814117907651476,-1.25409293013695,0,"L2 correct",240,240,1516,1300,1516,1756,3,3,"Pilot_PPN_2",0
"223","C2.I.10","no","difference","-written accent, +stress difference","ilustrador",3,4,-1,4,"nogesture",1.12938807887514,1.19295674030149,1.39628167645409,0.833149701047854,-0.0298214957517757,0,"L2 correct",-150,-150,1656,1481,1656,1506,4,4,"Pilot_PPN_2",0
"224","C2.I.11","no","difference","-written accent, +stress difference","color",1,2,-1,2,"nogesture",0.746898857221642,0.596023701603856,1.00787308991234,0.659433078852413,-0.00985842483737542,-131,"L2 correct",-190,-190,1456,1325,1325,1135,1,2,"Pilot_PPN_2",0
"225","C2.I.12","no","difference","-written accent, +stress difference","error",1,2,-1,2,"nogesture",0.798934212219527,0.619586165541365,1.01626357905247,0.785163019707764,-0.0282603560508505,0,"L2 correct",156,156,1325,1165,1325,1481,2,2,"Pilot_PPN_2",0
"226","C2.I.13","no","difference","-written accent, +stress difference","factor",1,2,-1,2,"nogesture",1.29105663285174,0.699018144772456,2.27591167994856,0.937363002102448,-0.0183375143428748,0,"L2 correct",20,20,1521,1341,1521,1541,2,2,"Pilot_PPN_2",0
"227","C2.I.14","no","difference","-written accent, +stress difference","festival",1,3,-2,3,"nogesture",1.15410881099834,0.970910766852965,1.51141296079686,1.01497569961786,-0.0111541287471937,0,"L2 correct",-361,-361,1536,1290,1536,1175,3,3,"Pilot_PPN_2",0
"228","C2.I.15","no","difference","-written accent, +stress difference","uniforme",1,3,-2,4,"nogesture",0.723269703546832,0.827166799910207,0.614882686343037,0.749676888131094,-0.0182101960219825,0,"L2 correct",-346,-346,1481,1195,1481,1135,3,4,"Pilot_PPN_2",0
"229","C2.I.16","no","difference","-written accent, +stress difference","alcohol",1,3,-2,3,"nogesture",0.95896837358005,0.707303274320739,1.18065914518804,1.01800234891562,-0.0112540791428728,0,"L2 correct",355,355,1401,1260,1401,1756,3,3,"Pilot_PPN_2",0
"230","C2.I.17","no","difference","-written accent, +stress difference","actor",2,2,0,2,"nogesture",1.32955284694523,0.596917488312289,2.0401023550041,1.39192817772977,-0.0212006829990514,0,"L2 correct",-215,-215,1160,1160,1160,945,2,2,"Pilot_PPN_2",0
"231","C2.I.18","no","difference","-written accent, +stress difference","alergia",3,2,1,3,"nogesture",0.936124339554239,0.551778099546321,1.81411226275336,0.470850060591948,-1.60387886642911,0,"L2 correct",431,-431,1305,1511,1305,1736,2,3,"Pilot_PPN_2",0
"232","C2.I.19","no","difference","-written accent, +stress difference","farmacia",3,2,1,3,"nogesture",0.777838449679644,-0.378027273224042,1.64157060293402,1.09354288144046,-0.800886932300955,0,"L2 correct",471,-471,1155,1426,1155,1626,2,3,"Pilot_PPN_2",0
"233","C2.I.20","no","difference","-written accent, +stress difference","aristocracia",5,4,1,5,"nogesture",1.27411202943977,0.78718671284158,1.76201103032773,1.31174780058756,-1.45734218231632,0,"L2 correct",176,-176,1746,1817,1746,1922,4,5,"Pilot_PPN_2",0
"234","C2.E.21","no","difference","-written accent, +stress difference","elefantes",1,3,-2,4,"nogesture",1.38068711330398,1.20967261746625,1.73030343068897,1.24392429519018,-0.0361691379282547,0,"L2 correct",426,426,1431,1150,1431,1857,3,4,"Pilot_PPN_2",0
"235","C3.I.1","yes","same","+written accent, -stress difference","brócoli",1,1,0,3,"nogesture",0.954904459896496,-0.394791489149017,2.37196783307452,0.916473534548729,-0.0197034071034068,0,"L2 correct",266,266,1295,1295,1295,1561,1,3,"Pilot_PPN_2",0
"236","C3.I.2","yes","same","+written accent, -stress difference","político",2,2,0,4,"nogesture",1.75647793832393,1.55754404746836,2.11434476355816,1.65077160813691,-0.0253172030440965,0,"L2 correct",30,30,1421,1421,1421,1451,2,4,"Pilot_PPN_2",0
"237","C3.I.3","yes","same","+written accent, -stress difference","cámara",1,1,0,3,"nogesture",0.935911877455357,0.762431756544228,1.34846475664632,0.72520008515902,-0.0182769261780322,86,"L2 incorrect & L1 mismatch",-86,-86,1250,1250,1336,1250,2,3,"Pilot_PPN_2",0
"238","C3.I.4","yes","same","+written accent, -stress difference","número",1,1,0,3,"nogesture",1.03468365125265,0.533914634048796,1.77346403841957,0.828026331327548,-0.0441443782153783,0,"L2 correct",346,346,1125,1125,1125,1471,1,3,"Pilot_PPN_2",0
"239","C3.I.5","yes","same","+written accent, -stress difference","fútbol",1,1,0,2,"nogesture",1.159766185599,0.708502578410592,1.64581159232827,1.16012881592476,-0.0126357516649023,200,"L2 incorrect & L1 mismatch",-355,-355,1491,1491,1691,1336,2,2,"Pilot_PPN_2",0
"240","C3.I.6","yes","same","+written accent, -stress difference","saxofón",3,3,0,3,"nogesture",1.39789574424967,0.931760860260818,2.03244966671384,1.27183718287281,-0.0118113589653603,0,"L2 correct",-441,-441,1426,1426,1426,985,3,3,"Pilot_PPN_2",0
"241","C3.I.7","yes","same","+written accent, -stress difference","carácter",2,2,0,3,"nogesture",1.24585533323997,0.931561383247594,1.66539974450777,1.17835806388089,-0.01126991954402,225,"L2 incorrect & L1 mismatch",196,196,1366,1366,1591,1787,3,3,"Pilot_PPN_2",0
"242","C3.I.8","yes","same","+written accent, -stress difference","analítico",3,3,0,5,"nogesture",1.04416722192836,0.610494272571095,1.52579399288174,1.02785483129978,-0.0119289939721057,0,"L2 correct",576,576,1331,1331,1331,1907,3,5,"Pilot_PPN_2",0
"243","C3.I.9","yes","same","+written accent, -stress difference","círculo",1,1,0,3,"nogesture",1.40420979616987,0.242692569591728,2.69650054956099,1.31598808136204,-0.0159204990600301,0,"L2 correct",-175,-175,1200,1200,1200,1025,1,3,"Pilot_PPN_2",0
"244","C3.I.10","yes","same","+written accent, -stress difference","álbum",1,1,0,2,"nogesture",0.822223756879634,0.619586165541365,1.20640289080832,0.665598085709808,-0.0260792085903176,166,"L2 incorrect & L1 mismatch",205,205,1310,1310,1476,1681,2,2,"Pilot_PPN_2",0
"245","C3.I.11","yes","same","+written accent, -stress difference","ángel",1,1,0,2,"nogesture",0.944665699025706,0.596917488312289,1.36495930349388,0.900746538574754,-0.0156062788621512,136,"L2 incorrect & L1 mismatch",-186,-186,1275,1275,1411,1225,2,2,"Pilot_PPN_2",0
"246","C3.I.12","yes","same","+written accent, -stress difference","capitán",3,3,0,3,"nogesture",1.28683372815706,0.735221760201889,1.84625924595213,1.31801513977647,-0.0310094253864008,0,"L2 correct",-221,-221,1441,1441,1441,1220,3,3,"Pilot_PPN_2",0
"247","C3.I.13","yes","same","+written accent, -stress difference","pragmática",2,2,0,4,"nogesture",1.14240724786152,0.0428232826992949,2.39870362501376,1.02031323732185,-0.0289974031284146,0,"L2 correct",-230,-230,1195,1195,1195,965,2,4,"Pilot_PPN_2",0
"248","C3.I.14","yes","same","+written accent, -stress difference","volcán",2,2,0,2,"nogesture",0.856679960366743,0.699018144772456,1.18890381218797,0.708077922938796,-0.0195902428376939,0,"L2 correct",-366,-366,1401,1401,1401,1035,2,2,"Pilot_PPN_2",0
"249","C3.I.15","yes","same","+written accent, -stress difference","teoría",3,3,0,4,"nogesture",1.22848481618165,1.27474560398126,1.58666523648653,0.861270420688717,-0.0112455707289882,-135,"L2 incorrect & L1 mismatch",-186,-186,1556,1556,1421,1235,2,4,"Pilot_PPN_2",0
"250","C3.I.16","yes","same","+written accent, -stress difference","geográfico",3,3,0,5,"nogesture",1.37895697792498,1.41769952336545,1.65133372570802,1.10962425979011,-0.0151718683266608,0,"L2 correct",-296,-296,2042,2042,2042,1746,3,5,"Pilot_PPN_2",0
"251","C3.I.17","yes","same","+written accent, -stress difference","académico",3,3,0,5,"nogesture",1.1139586952447,0.605721687257097,1.75346236842379,1.01644835415152,-0.017944367909422,0,"L2 correct",281,281,1531,1531,1531,1812,3,5,"Pilot_PPN_2",0
"252","C3.I.18","yes","same","+written accent, -stress difference","romántico",2,2,0,4,"nogesture",1.08938801977892,1.09536662547076,1.5036723855386,0.702136806502501,-0.0133851708192196,0,"L2 correct",201,201,1220,1220,1220,1421,2,4,"Pilot_PPN_2",0
"253","C3.I.19","yes","same","+written accent, -stress difference","espárrago",2,2,0,4,"nogesture",1.19903350823816,1.16360920660773,1.37335260280493,1.09647306403629,-0.017047920232244,146,"L2 incorrect & L1 mismatch",295,295,1280,1280,1426,1721,3,4,"Pilot_PPN_2",0
"254","C3.I.20","yes","same","+written accent, -stress difference","helicóptero",3,3,0,5,"nogesture",1.06292610762741,1.39995035469191,0.976751398272904,0.844286451966735,-1.09419729907563,265,"L2 incorrect & L1 mismatch",-25,-25,1361,1361,1626,1601,5,5,"Pilot_PPN_2",0
"255","C3.E.21","yes","same","+written accent, -stress difference","histórico",2,2,0,4,"nogesture",1.01155761649464,1.13682321228994,0.941566857587981,0.986936040711887,-0.0256161598574636,280,"L2 incorrect & L1 mismatch",-125,-125,1386,1386,1666,1541,4,4,"Pilot_PPN_2",0
"256","C4.I.1","no","same","-written accent, -stress difference","parasol",3,3,0,3,"nogesture",0.98083595379554,0.746970534013429,1.07426315549725,1.15099647350611,-0.0133947694362178,0,"L2 correct",-366,-366,1531,1531,1531,1165,3,3,"Pilot_PPN_2",0
"257","C4.I.2","no","same","-written accent, -stress difference","universidad",5,5,0,5,"nogesture",1.02514017497352,1.06158867293673,1.06636291918487,0.978533786586031,-0.0148754384019867,0,"L2 correct",-80,-80,1621,1621,1621,1541,5,5,"Pilot_PPN_2",0
"258","C4.I.3","no","same","-written accent, -stress difference","formulario",3,3,0,4,"nogesture",0.876726358478558,0.830898259692989,0.972235828344084,0.853612452807043,-0.0195778026836706,0,"L2 correct",-120,-120,1731,1731,1731,1611,3,4,"Pilot_PPN_2",0
"259","C4.I.4","no","same","-written accent, -stress difference","mango",1,1,0,2,"nogesture",0.803043126556257,0.804582281281813,0.936124285226173,0.692757453359459,-0.021772125696998,110,"L2 incorrect & L1 mismatch",15,15,3726,3726,3836,3851,2,2,"Pilot_PPN_2",0
"260","C4.I.5","no","same","-written accent, -stress difference","tomate",2,2,0,3,"nogesture",0.828868803439997,0.888878103406947,0.900579012093754,0.722266531287169,-0.019495278184877,296,"L2 incorrect & L1 mismatch",135,135,1195,1195,1491,1626,3,3,"Pilot_PPN_2",0
"261","C4.I.6","no","same","-written accent, -stress difference","princesa",2,2,0,3,"nogesture",1.0190815490713,1.08374294045323,0.615592909499725,1.3887900563237,-0.0269741355903079,60,"L2 incorrect & L1 mismatch",0,0,1386,1386,1446,1446,3,3,"Pilot_PPN_2",0
"262","C4.I.7","no","same","-written accent, -stress difference","cables",1,1,0,2,"nogesture",1.22680986172577,0.578140171562011,1.68959743828521,1.44986803174601,-0.0198213128574025,40,"L2 incorrect & L1 mismatch",356,356,1255,1255,1295,1651,2,2,"Pilot_PPN_2",0
"263","C4.I.8","no","same","-written accent, -stress difference","proceso",2,2,0,3,"nogesture",1.02896122662119,0.981151409925092,0.887499733885842,1.24941317928358,-0.0156415747569554,30,"L2 incorrect & L1 mismatch",261,261,1205,1205,1235,1496,3,3,"Pilot_PPN_2",0
"264","C4.I.9","no","same","-written accent, -stress difference","papel",2,2,0,2,"nogesture",1.16988926533757,0.538803561931912,1.72850816563698,1.27780725830253,-0.0240876067857698,0,"L2 correct",-185,-185,1270,1270,1270,1085,2,2,"Pilot_PPN_2",0
"265","C4.I.10","no","same","-written accent, -stress difference","programa",2,2,0,3,"nogesture",1.13003166822489,1.05250070021477,1.73337942532945,0.638458263016059,-0.00911538074115015,0,"L2 correct",91,91,1285,1285,1285,1376,2,3,"Pilot_PPN_2",0
"266","C4.I.11","no","same","-written accent, -stress difference","ensalada",2,3,-1,4,"nogesture",0.99996034662904,0.993864645123649,1.16061903049243,0.875699192956772,-0.0126964773978671,0,"L2 correct",321,321,1265,1150,1265,1586,3,4,"Pilot_PPN_2",0
"267","C4.I.12","no","same","-written accent, -stress difference","chocolate",3,3,0,4,"nogesture",1.33996823297891,0.994220601410477,1.73673001557584,1.32955917991949,-0.0116672093879515,-35,"L2 incorrect & L1 mismatch",355,355,1426,1426,1391,1746,2,4,"Pilot_PPN_2",0
"268","C4.I.13","no","same","-written accent, -stress difference","limonada",3,3,0,4,"nogesture",0.648183350749402,0.823779906367229,0.534907975038902,0.605504090561753,-0.00699538730191307,0,"L2 correct",316,316,1275,1275,1275,1591,3,4,"Pilot_PPN_2",0
"269","C4.I.14","no","same","-written accent, -stress difference","restaurante",3,3,0,4,"nogesture",1.13181302742577,1.51231845078678,0.96689718880233,0.950520807155665,-0.023976731536095,0,"L2 correct",246,246,1641,1641,1641,1887,3,4,"Pilot_PPN_2",0
"270","C4.I.15","no","same","-written accent, -stress difference","blusa",1,1,0,2,"nogesture",0.727094372300814,-1.17812860630197,2.09829999307493,1.28314489292647,-0.00713161080989266,0,"L2 correct",210,210,1105,1105,1105,1315,1,2,"Pilot_PPN_2",0
"271","C4.I.16","no","same","-written accent, -stress difference","cabina",2,2,0,3,"nogesture",0.893799984304623,0.745449987386638,1.31753417002755,0.64550064350891,-0.0117931715694795,50,"L2 incorrect & L1 mismatch",231,231,1205,1205,1255,1486,3,3,"Pilot_PPN_2",0
"272","C4.I.17","no","same","-written accent, -stress difference","familia",2,2,0,3,"nogesture",0.93056735028371,0.870086204096459,1.01369174256482,0.936123114804504,-0.0552899515814715,76,"L2 incorrect & L1 mismatch",-146,-146,1310,1310,1386,1240,3,3,"Pilot_PPN_2",0
"273","C4.I.18","no","same","-written accent, -stress difference","canal",2,2,0,2,"nogesture",0.936068938677032,0.633939035906183,1.41178682885963,0.790846676679733,-0.0264695602618303,0,"L2 correct",55,55,1135,1135,1135,1190,2,2,"Pilot_PPN_2",0
"274","C4.I.19","no","same","-written accent, -stress difference","centro",1,1,0,2,"nogesture",1.04398113243196,0.718867293966977,1.38467523046384,1.06003666475694,-0.0501013135478843,171,"L2 incorrect & L1 mismatch",-201,-201,1185,1185,1356,1155,2,2,"Pilot_PPN_2",0
"275","C4.I.20","no","same","-written accent, -stress difference","insectos",2,2,0,3,"nogesture",1.3477431630045,0.825786290717034,0.859388244737693,2.39889565546801,-0.0173116030259735,205,"L2 incorrect & L1 mismatch",-386,-386,1471,1471,1676,1290,3,3,"Pilot_PPN_2",0
"276","C4.E.21","no","same","-written accent, -stress difference","planeta",2,2,0,3,"nogesture",0.662970074642161,0.943834196490202,0.237730904226407,0.827435125471757,-0.0121334802661295,201,"L2 incorrect & L1 mismatch",-411,-411,1180,1180,1381,970,3,3,"Pilot_PPN_2",0
"277","P.C1.1","yes","difference","+written accent, +stress difference","simpático",3,2,1,4,"nogesture",NA,NA,NA,NA,NA,NA,NA,NA,NA,NA,NA,NA,NA,NA,NA,NA,0
"278","P.C1.2","yes","difference","+written accent, +stress difference","símbolo",2,1,1,3,"nogesture",NA,NA,NA,NA,NA,NA,NA,NA,NA,NA,NA,NA,NA,NA,NA,NA,0
"279","P.C1.3","yes","difference","+written accent, +stress difference","kilómetro",3,2,1,4,"nogesture",NA,NA,NA,NA,NA,NA,NA,NA,NA,NA,NA,NA,NA,NA,NA,NA,0
"280","P.C2.1","no","difference","-written accent, +stress difference","carnaval",1,3,-2,3,"nogesture",NA,NA,NA,NA,NA,NA,NA,NA,NA,NA,NA,NA,NA,NA,NA,NA,0
"281","P.C2.2","no","difference","-written accent, +stress difference","democracia",4,3,1,4,"nogesture",NA,NA,NA,NA,NA,NA,NA,NA,NA,NA,NA,NA,NA,NA,NA,NA,0
"282","P.C2.3","no","difference","-written accent, +stress difference","voleibol",1,3,-2,3,"nogesture",NA,NA,NA,NA,NA,NA,NA,NA,NA,NA,NA,NA,NA,NA,NA,NA,0
"283","P.C3.1","yes","same","+written accent, -stress difference","económico",3,3,0,5,"nogesture",NA,NA,NA,NA,NA,NA,NA,NA,NA,NA,NA,NA,NA,NA,NA,NA,0
"284","P.C3.2","yes","same","+written accent, -stress difference","energía",3,3,0,4,"nogesture",NA,NA,NA,NA,NA,NA,NA,NA,NA,NA,NA,NA,NA,NA,NA,NA,0
"285","P.C3.3","yes","same","+written accent, -stress difference","ecología",4,4,0,5,"nogesture",NA,NA,NA,NA,NA,NA,NA,NA,NA,NA,NA,NA,NA,NA,NA,NA,0
"286","P.C4.1","no","same","-written accent, -stress difference","mandarina",3,3,0,4,"nogesture",NA,NA,NA,NA,NA,NA,NA,NA,NA,NA,NA,NA,NA,NA,NA,NA,0
"287","P.C4.2","no","same","-written accent, -stress difference","sistema",2,2,0,3,"nogesture",NA,NA,NA,NA,NA,NA,NA,NA,NA,NA,NA,NA,NA,NA,NA,NA,0
"288","P.C4.3","no","same","-written accent, -stress difference","bailarina",3,3,0,4,"nogesture",NA,NA,NA,NA,NA,NA,NA,NA,NA,NA,NA,NA,NA,NA,NA,NA,0
"289","C1.I.1","yes","difference","+written accent, +stress difference","análisis",3,2,1,4,"gesture",1.6047800256907,1.38064433925224,1.85039700390291,1.63192843166516,-4.38395889926483,0,"L2 correct",155,-155,1341,1586,1341,1496,2,4,"Pilot_PPN_2",0
"290","C1.I.2","yes","difference","+written accent, +stress difference","centímetro",3,2,1,4,"gesture",1.21479418604667,0.474929309547593,1.99226086322713,1.21400433039701,-1.07832755465506,0,"L2 correct",-80,80,1426,1516,1426,1346,2,4,"Pilot_PPN_2",0
"291","C1.I.3","yes","difference","+written accent, +stress difference","pirámide",3,2,1,4,"gesture",1.24044224051148,1.45873965520665,1.40904320737127,0.891133017759905,-3.28295294964971,0,"L2 correct",25,-25,1381,1406,1381,1406,2,4,"Pilot_PPN_2",0
"292","C1.I.4","yes","difference","+written accent, +stress difference","cardiólogo",3,2,1,4,"gesture",1.28995964859127,1.22781866590629,1.89948343235568,0.781666533832799,-1.91975893432641,0,"L2 correct",-30,30,1295,1486,1295,1265,2,4,"Pilot_PPN_2",0
"293","C1.I.5","yes","difference","+written accent, +stress difference","máquina",2,1,1,3,"gesture",1.0097939810332,1.2209486605492,0.967366550440136,0.871666549717333,-2.04362234184043,-286,"L2 incorrect & L1 mismatch",-311,311,1210,1436,1496,1185,3,3,"Pilot_PPN_2",0
"294","C1.I.6","yes","difference","+written accent, +stress difference","automóvil",4,3,1,4,"gesture",1.00718039386076,0.754906612926529,1.54430519558621,0.752849991065339,-2.49443920870499,0,"L2 correct",385,-385,1381,1546,1381,1766,3,4,"Pilot_PPN_2",0
"295","C1.I.7","yes","difference","+written accent, +stress difference","teléfono",3,2,1,4,"gesture",1.00767265818277,0.582855668539352,1.76005634078469,0.710641500320709,-1.14041453714162,0,"L2 correct",5,-5,1361,1631,1361,1366,2,4,"Pilot_PPN_2",0
"296","C1.I.8","yes","difference","+written accent, +stress difference","fórmula",2,1,1,3,"gesture",1.0934759027456,0.840933552028553,1.45564499334736,1.01698479627741,-1.10504647363587,0,"L2 correct",30,-30,1260,1411,1260,1290,1,3,"Pilot_PPN_2",0
"297","C1.I.9","yes","difference","+written accent, +stress difference","acróbata",3,2,1,4,"gesture",0.787037964058738,-0.253143930290521,1.66765825783595,0.970449199905289,-3.1895509061776,0,"L2 correct",-50,50,1205,1336,1205,1155,2,4,"Pilot_PPN_2",0
"298","C1.I.10","yes","difference","+written accent, +stress difference","satélito",3,2,1,4,"gesture",1.20073170192929,-0.37276944424198,3.01841381796403,0.992936541215202,-4.15803984779006,0,"L2 correct",-15,15,1446,1486,1446,1431,2,4,"Pilot_PPN_2",0
"299","C1.I.11","yes","difference","+written accent, +stress difference","gráfico",2,1,1,3,"gesture",1.02444345855759,-0.120182811740648,1.95969719166724,1.26485973691459,-1.31101264948984,0,"L2 correct",20,-20,1260,1315,1260,1280,1,3,"Pilot_PPN_2",0
"300","C1.I.12","yes","difference","+written accent, +stress difference","océano",3,2,1,4,"gesture",0.787694521639705,1.00870188251292,0.655239993902351,0.723011219462624,-3.90300260181061,-221,"L2 incorrect & L1 mismatch",-241,241,1626,1787,1847,1606,4,4,"Pilot_PPN_2",0
"301","C1.I.13","yes","difference","+written accent, +stress difference","carnívora",3,2,1,4,"gesture",1.08052546690096,0.975873484638887,1.56451472785713,0.733931384173559,-2.14350172457466,-106,"L2 correct",-10,10,1290,1396,1396,1386,3,4,"Pilot_PPN_2",0
"302","C1.I.14","yes","difference","+written accent, +stress difference","católico",3,2,1,4,"gesture",1.71895675485421,1.14021714875309,2.68030022666569,1.38844248777581,-3.44793440076148,0,"L2 correct",-25,25,1416,1546,1416,1391,2,4,"Pilot_PPN_2",0
"303","C1.I.15","yes","difference","+written accent, +stress difference","demócrata",3,2,1,4,"gesture",0.959873101734275,0.303103260948526,1.93763291439658,0.667970193546632,-2.09298867209895,0,"L2 correct",45,-45,1190,1476,1190,1235,2,4,"Pilot_PPN_2",0
"304","C1.I.16","yes","difference","+written accent, +stress difference","gramófono",3,2,1,4,"gesture",1.34282568589261,0.790367683965458,2.16832130115379,1.11047976000989,-4.00590142542444,0,"L2 correct",151,-151,1265,1586,1265,1416,2,4,"Pilot_PPN_2",0
"305","C1.I.17","yes","difference","+written accent, +stress difference","micrófono",3,2,1,4,"gesture",1.73191354735116,0.890191351062168,3.08554849672586,1.27248302297306,-3.50007680815975,0,"L2 correct",95,-95,1817,2202,1817,1912,2,4,"Pilot_PPN_2",0
"306","C1.I.18","yes","difference","+written accent, +stress difference","metáfora",3,2,1,4,"gesture",1.56572101231466,1.04689563373538,2.48573328749678,1.21198020699408,-2.63538023315834,0,"L2 correct",15,-15,1396,1616,1396,1411,2,4,"Pilot_PPN_2",0
"307","C1.I.19","yes","difference","+written accent, +stress difference","catástrofe",3,2,1,4,"gesture",1.48667241029183,0.783738525063853,2.10172888597374,1.61960049893765,-2.90973473374595,0,"L2 correct",-75,75,1315,1586,1315,1240,2,4,"Pilot_PPN_2",0
"308","C1.I.20","yes","difference","+written accent, +stress difference","cafetería",3,4,-1,5,"gesture",1.35590681417819,-0.408824641633335,3.15377149705962,1.3638616723864,-2.16126418051124,-356,"L2 incorrect & L1 mismatch",5,5,1877,1716,1521,1526,2,5,"Pilot_PPN_2",0
"309","C1.E.21","yes","difference","+written accent, +stress difference","sofá",1,2,-1,2,"gesture",1.13904349669084,0.869346779947485,1.38586794293925,1.19643223678247,-2.4219695151719,0,"L2 correct",-150,-150,1290,1120,1290,1140,2,2,"Pilot_PPN_2",0
"310","C2.I.1","no","difference","-written accent, +stress difference","clima",2,1,1,2,"gesture",0.938475265518573,0.747808801828274,1.36150698596528,0.734548653171818,-2.01384989939413,-35,"L2 correct",-10,10,1210,1245,1245,1235,2,2,"Pilot_PPN_2",0
"311","C2.I.2","no","difference","-written accent, +stress difference","vacaciones",2,3,-1,4,"gesture",1.2719615561751,0.806760720535428,1.59048175331417,1.45718648425676,-1.22248168857368,0,"L2 correct",-321,-321,1601,1310,1601,1280,3,4,"Pilot_PPN_2",0
"312","C2.I.3","no","difference","-written accent, +stress difference","profesor",2,3,-1,3,"gesture",1.16136255151237,0.845714131173397,1.57667703206447,1.09688929589054,-1.92505795800525,0,"L2 correct",-130,-130,1676,1486,1676,1546,3,3,"Pilot_PPN_2",0
"313","C2.I.4","no","difference","-written accent, +stress difference","ventilador",3,4,-1,4,"gesture",1.04162087914869,0.992543314236504,1.13280833712315,1.03107525515154,-3.20340966941217,0,"L2 correct",-185,-185,1586,1396,1586,1401,4,4,"Pilot_PPN_2",0
"314","C2.I.5","no","difference","-written accent, +stress difference","internet",1,3,-2,3,"gesture",0.998477884510183,-0.944429449274867,2.69784489911914,1.27227510927749,-1.1083179396727,-296,"L2 incorrect & L1 mismatch",15,15,1566,1270,1270,1285,1,3,"Pilot_PPN_2",0
"315","C2.I.6","no","difference","-written accent, +stress difference","mamut",1,2,-1,2,"gesture",0.847889683559206,0.61365594428224,1.3885746487002,0.567132084469693,-3.16616137908227,0,"L2 correct",20,20,1185,1080,1185,1205,2,2,"Pilot_PPN_2",0
"316","C2.I.7","no","difference","-written accent, +stress difference","horizonte",1,3,-2,4,"gesture",1.03536223193477,0.556290947134914,1.59412433286022,0.987046028898117,-1.82432675867369,0,"L2 correct",-76,-76,1391,1155,1391,1315,3,4,"Pilot_PPN_2",0
"317","C2.I.8","no","difference","-written accent, +stress difference","doctor",1,2,-1,2,"gesture",0.898113816743933,0.719578569576191,1.32101233046321,0.680966120396754,-1.73142956499021,0,"L2 correct",-205,-205,1305,1095,1305,1100,2,2,"Pilot_PPN_2",0
"318","C2.I.9","no","difference","-written accent, +stress difference","radiador",2,3,-1,3,"gesture",1.40717433984112,0.878858780160114,2.2897545956925,1.0955512903326,-3.93537563280154,0,"L2 correct",-45,-45,1516,1336,1516,1471,3,3,"Pilot_PPN_2",0
"319","C2.I.10","no","difference","-written accent, +stress difference","ilustrador",3,4,-1,4,"gesture",1.18490567447024,1.14449878532978,1.44286977712649,1.00325469351415,-2.56807698148191,0,"L2 correct",-371,-371,1531,1320,1531,1160,4,4,"Pilot_PPN_2",0
"320","C2.I.11","no","difference","-written accent, +stress difference","color",1,2,-1,2,"gesture",0.821828835333684,0.801243710606479,1.10934833157677,0.579798367918826,-2.85365927591715,0,"L2 correct",0,0,1190,1135,1190,1190,2,2,"Pilot_PPN_2",0
"321","C2.I.12","no","difference","-written accent, +stress difference","error",1,2,-1,2,"gesture",0.92922784899846,0.463600445571754,1.56314540528543,0.789096115804818,-2.394486921012,0,"L2 correct",0,0,1215,1160,1215,1215,2,2,"Pilot_PPN_2",0
"322","C2.I.13","no","difference","-written accent, +stress difference","factor",1,2,-1,2,"gesture",1.30644324051073,0.718867293966977,2.01969931643922,1.22035230023237,-3.823287980955,0,"L2 correct",-161,-161,1346,1105,1346,1185,2,2,"Pilot_PPN_2",0
"323","C2.I.14","no","difference","-written accent, +stress difference","festival",1,3,-2,3,"gesture",1.04120414465381,1.03388943120048,1.1319475923653,0.989327051142735,-3.21797720705615,0,"L2 correct",-205,-205,1601,1346,1601,1396,3,3,"Pilot_PPN_2",0
"324","C2.I.15","no","difference","-written accent, +stress difference","uniforme",1,3,-2,4,"gesture",1.15175892126319,0.758452223619123,1.74338760540234,0.988338720260921,-4.42275969812124,0,"L2 correct",-25,-25,1466,1220,1466,1441,3,4,"Pilot_PPN_2",0
"325","C2.I.16","no","difference","-written accent, +stress difference","alcohol",1,3,-2,3,"gesture",1.1124808497318,0.763807645011029,1.81142737910937,0.795919065975959,-2.88920348380077,0,"L2 correct",-176,-176,1366,1100,1366,1190,3,3,"Pilot_PPN_2",0
"326","C2.I.17","no","difference","-written accent, +stress difference","actor",2,2,0,2,"gesture",1.4230636055794,0.736254027190333,2.20028685036744,1.37577307874344,-2.59203311294743,0,"L2 correct",-5,-5,1406,1406,1406,1401,2,2,"Pilot_PPN_2",0
"327","C2.I.18","no","difference","-written accent, +stress difference","alergia",3,2,1,3,"gesture",1.21030188738568,1.02574492859499,1.80343939142272,0.838397156908596,-1.46066361176668,0,"L2 correct",20,-20,1300,1556,1300,1320,2,3,"Pilot_PPN_2",0
"328","C2.I.19","no","difference","-written accent, +stress difference","farmacia",3,2,1,3,"gesture",0.857218029641765,-0.40138298050843,1.77781108619456,1.2212022871677,-2.23350829647438,25,"L2 incorrect & L1 mismatch",86,-86,1315,1416,1290,1376,1,3,"Pilot_PPN_2",0
"329","C2.I.20","no","difference","-written accent, +stress difference","aristocracia",5,4,1,5,"gesture",1.20457938235024,1.20292778612097,1.35077309948812,1.0965396669674,-2.69639251127546,0,"L2 correct",-346,346,1566,1782,1566,1220,4,5,"Pilot_PPN_2",0
"330","C2.E.21","no","difference","-written accent, +stress difference","elefantes",1,3,-2,4,"gesture",0.979240943871126,0.127451538341045,1.56293318821501,1.27701207305342,-2.28881581571363,0,"L2 correct",-196,-196,1366,1070,1366,1170,3,4,"Pilot_PPN_2",0
"331","C3.I.1","yes","same","+written accent, -stress difference","brócoli",1,1,0,3,"gesture",1.26077852260462,0.289379572040097,2.28726232615507,1.24389907939458,-3.32434148807886,0,"L2 correct",105,105,1506,1506,1506,1611,1,3,"Pilot_PPN_2",0
"332","C3.I.2","yes","same","+written accent, -stress difference","político",2,2,0,4,"gesture",0.935720944779419,-0.226840735118154,1.94552232954557,1.11683642005567,-3.58112991890721,0,"L2 correct",-45,-45,1265,1265,1265,1220,2,4,"Pilot_PPN_2",0
"333","C3.I.3","yes","same","+written accent, -stress difference","cámara",1,1,0,3,"gesture",0.922477914325981,0.512881325622527,1.59820199565229,0.684304297894822,-1.06215114082397,100,"L2 incorrect & L1 mismatch",21,21,1220,1220,1320,1341,2,3,"Pilot_PPN_2",0
"334","C3.I.4","yes","same","+written accent, -stress difference","número",1,1,0,3,"gesture",0.640489182839172,-1.23261328594665,2.63079980936421,0.542689788216294,-3.41059412408561,0,"L2 correct",5,5,1035,1035,1035,1040,1,3,"Pilot_PPN_2",0
"335","C3.I.5","yes","same","+written accent, -stress difference","fútbol",1,1,0,2,"gesture",1.21884923519613,0.920719123764985,1.88842229787166,0.884341109260732,-3.09053996932198,80,"L2 incorrect & L1 mismatch",-20,-20,1155,1155,1235,1215,2,2,"Pilot_PPN_2",0
"336","C3.I.6","yes","same","+written accent, -stress difference","saxofón",3,3,0,3,"gesture",1.55205664731571,0.972097297463202,2.06692017955946,1.66418448454009,-3.68541601943252,0,"L2 correct",-10,-10,1616,1616,1616,1606,3,3,"Pilot_PPN_2",0
"337","C3.I.7","yes","same","+written accent, -stress difference","carácter",2,2,0,3,"gesture",0.992769753906885,0.949100919341754,1.19953639910505,0.859755875210427,-2.14902052460434,291,"L2 incorrect & L1 mismatch",-326,-326,1285,1285,1576,1250,3,3,"Pilot_PPN_2",0
"338","C3.I.8","yes","same","+written accent, -stress difference","analítico",3,3,0,5,"gesture",1.00174601381837,0.139876051272001,1.90416395640633,0.991553973589469,-5.10856910403004,0,"L2 correct",35,35,1411,1411,1411,1446,3,5,"Pilot_PPN_2",0
"339","C3.I.9","yes","same","+written accent, -stress difference","círculo",1,1,0,3,"gesture",1.41787705557838,0.00877944113696303,3.08144896655865,1.20636873042067,-3.68005002308144,0,"L2 correct",85,85,1351,1351,1351,1436,1,3,"Pilot_PPN_2",0
"340","C3.I.10","yes","same","+written accent, -stress difference","álbum",1,1,0,2,"gesture",1.01373486520554,0.6173161916552,1.69850317670168,0.756104465599292,-0.930767311198906,136,"L2 incorrect & L1 mismatch",-36,-36,1200,1200,1336,1300,2,2,"Pilot_PPN_2",0
"341","C3.I.11","yes","same","+written accent, -stress difference","ángel",1,1,0,2,"gesture",0.80464770520982,0.649099621358181,1.27072508178328,0.518501676282232,-0.977761729784334,26,"L2 incorrect & L1 mismatch",25,25,1310,1310,1336,1361,2,2,"Pilot_PPN_2",0
"342","C3.I.12","yes","same","+written accent, -stress difference","capitán",3,3,0,3,"gesture",1.31005262714667,0.776567207348827,1.97809684106567,1.21519239748449,-1.10697420717713,0,"L2 correct",-55,-55,1406,1406,1406,1351,3,3,"Pilot_PPN_2",0
"343","C3.I.13","yes","same","+written accent, -stress difference","pragmática",2,2,0,4,"gesture",1.56841383717212,0.332775952750133,3.07574919765628,1.34424405314545,-1.99868372540504,0,"L2 correct",15,15,1250,1250,1250,1265,2,4,"Pilot_PPN_2",0
"344","C3.I.14","yes","same","+written accent, -stress difference","volcán",2,2,0,2,"gesture",1.06589636448341,0.709056682349862,1.37552996728551,1.1454023336477,-2.10357353574443,0,"L2 correct",-20,-20,1280,1280,1280,1260,2,2,"Pilot_PPN_2",0
"345","C3.I.15","yes","same","+written accent, -stress difference","teoría",3,3,0,4,"gesture",1.09136435772196,1.54614072246866,0.921373735597368,0.83965026230354,-3.28158963915791,-186,"L2 incorrect & L1 mismatch",75,75,1341,1341,1155,1230,2,4,"Pilot_PPN_2",0
"346","C3.I.16","yes","same","+written accent, -stress difference","geográfico",3,3,0,5,"gesture",1.34810217327261,1.43420423847796,1.61095750885437,1.03999635349376,-2.49994697402678,0,"L2 correct",-20,-20,1601,1601,1601,1581,3,5,"Pilot_PPN_2",0
"347","C3.I.17","yes","same","+written accent, -stress difference","académico",3,3,0,5,"gesture",1.41925187573525,1.23541939003246,1.99945104360787,1.06589282616346,-1.20874930735363,0,"L2 correct",-15,-15,1356,1356,1356,1341,3,5,"Pilot_PPN_2",0
"348","C3.I.18","yes","same","+written accent, -stress difference","romántico",2,2,0,4,"gesture",1.34672051028657,1.30705898514255,1.80289680118936,0.971015456960718,-1.04601154355771,0,"L2 correct",-10,-10,1356,1356,1356,1346,2,4,"Pilot_PPN_2",0
"349","C3.I.19","yes","same","+written accent, -stress difference","espárrago",2,2,0,4,"gesture",1.24501584920608,-0.352076683391223,3.10997023403277,1.01488174998295,-1.51072463490368,0,"L2 correct",0,0,1275,1275,1275,1275,2,4,"Pilot_PPN_2",0
"350","C3.I.20","yes","same","+written accent, -stress difference","helicóptero",3,3,0,5,"gesture",0.839679306952035,1.48491813076393,0.463001475296484,0.596563142279091,-2.33995949885059,315,"L2 incorrect & L1 mismatch",-466,-466,1401,1401,1716,1250,5,5,"Pilot_PPN_2",0
"351","C3.E.21","yes","same","+written accent, -stress difference","histórico",2,2,0,4,"gesture",1.42404914021335,0.683935041512756,2.3025884813476,1.32877690202857,-1.91094121702395,0,"L2 correct",0,0,1255,1255,1255,1255,2,4,"Pilot_PPN_2",0
"352","C4.I.1","no","same","-written accent, -stress difference","parasol",3,3,0,3,"gesture",1.24963495635152,0.715856262926048,1.90553534595934,1.16538098611921,-5.39313407071768,0,"L2 correct",-140,-140,1591,1591,1591,1451,3,3,"Pilot_PPN_2",0
"353","C4.I.2","no","same","-written accent, -stress difference","universidad",5,5,0,5,"gesture",1.68582978526693,0.630557731664718,1.03363959087129,3.44437778433347,-1.23880800597124,0,"L2 correct",-190,-190,1536,1536,1536,1346,5,5,"Pilot_PPN_2",0
"354","C4.I.3","no","same","-written accent, -stress difference","formulario",3,3,0,4,"gesture",1.07386928096203,0.562874372230418,1.83664944838936,0.854625515628812,-3.64337578600907,0,"L2 correct",30,30,1381,1381,1381,1411,3,4,"Pilot_PPN_2",0
"355","C4.I.4","no","same","-written accent, -stress difference","mango",1,1,0,2,"gesture",1.31461400592927,0.811679449913428,1.82451087281833,1.3474884831145,-1.23330941426502,5,"L2 incorrect & L1 mismatch",0,0,1320,1320,1325,1325,2,2,"Pilot_PPN_2",0
"356","C4.I.5","no","same","-written accent, -stress difference","tomate",2,2,0,3,"gesture",0.926340841037448,-0.269124283085961,2.13067887826285,0.945538862512351,-0.996452437835501,0,"L2 correct",-6,-6,1331,1331,1331,1325,2,3,"Pilot_PPN_2",0
"357","C4.I.6","no","same","-written accent, -stress difference","princesa",2,2,0,3,"gesture",1.5654995725922,1.54829243206665,1.56485782363206,1.63078784306552,-4.07604781531438,-181,"L2 incorrect & L1 mismatch",176,176,1426,1426,1245,1421,1,3,"Pilot_PPN_2",0
"358","C4.I.7","no","same","-written accent, -stress difference","cables",1,1,0,2,"gesture",1.80162741425533,1.47491095285125,2.24786298978584,1.73670307025784,-0.821150704223101,0,"L2 correct",21,21,1325,1325,1325,1346,1,2,"Pilot_PPN_2",0
"359","C4.I.8","no","same","-written accent, -stress difference","proceso",2,2,0,3,"gesture",0.946236612617102,-0.674836173618369,2.30658300719524,1.23563684102041,-1.81936623276692,0,"L2 correct",-70,-70,1180,1180,1180,1110,2,3,"Pilot_PPN_2",0
"360","C4.I.9","no","same","-written accent, -stress difference","papel",2,2,0,2,"gesture",1.18009958135775,0.527820655897274,1.84658366614138,1.20165501540906,-3.14473835388048,0,"L2 correct",5,5,1406,1406,1406,1411,2,2,"Pilot_PPN_2",0
"361","C4.I.10","no","same","-written accent, -stress difference","programa",2,2,0,3,"gesture",0.806385683595253,0.963945602529616,0.648788841320688,0.830858536741372,-2.7642619519479,126,"L2 incorrect & L1 mismatch",-136,-136,1245,1245,1371,1235,3,3,"Pilot_PPN_2",0
"362","C4.I.11","no","same","-written accent, -stress difference","ensalada",2,3,-1,4,"gesture",1.14022523952785,1.26095456129426,1.18073230372882,1.01354113354616,-1.10975157841563,0,"L2 correct",-20,-20,1295,1260,1295,1275,3,4,"Pilot_PPN_2",0
"363","C4.I.12","no","same","-written accent, -stress difference","chocolate",3,3,0,4,"gesture",1.17700648206454,0.682796917446102,1.34626367351218,1.53762571832819,-3.24338441921441,-226,"L2 incorrect & L1 mismatch",161,161,1506,1506,1280,1441,1,4,"Pilot_PPN_2",0
"364","C4.I.13","no","same","-written accent, -stress difference","limonada",3,3,0,4,"gesture",1.11002770626123,1.00737827573048,1.6689548135,0.687387232773227,-2.09915975618799,-191,"L2 incorrect & L1 mismatch",20,20,1376,1376,1185,1205,2,4,"Pilot_PPN_2",0
"365","C4.I.14","no","same","-written accent, -stress difference","restaurante",3,3,0,4,"gesture",1.06431286956685,1.08982224160503,1.28144725602395,0.853921016209942,-1.07730840831198,0,"L2 correct",-326,-326,1611,1611,1611,1285,3,4,"Pilot_PPN_2",0
"366","C4.I.15","no","same","-written accent, -stress difference","blusa",1,1,0,2,"gesture",1.47547695578747,1.19323631299648,2.020817093344,1.25708888392456,-1.34783830661172,0,"L2 correct",-30,-30,1295,1295,1295,1265,1,2,"Pilot_PPN_2",0
"367","C4.I.16","no","same","-written accent, -stress difference","cabina",2,2,0,3,"gesture",1.11974985020943,0.290238331318387,2.18600737512069,0.916935657831941,-2.97315537681811,0,"L2 correct",10,10,1240,1240,1240,1250,2,3,"Pilot_PPN_2",0
"368","C4.I.17","no","same","-written accent, -stress difference","familia",2,2,0,3,"gesture",1.37232983393116,1.01694704694044,1.98854991138139,1.15307829601501,-0.886576283535305,0,"L2 correct",25,25,1341,1341,1341,1366,2,3,"Pilot_PPN_2",0
"369","C4.I.18","no","same","-written accent, -stress difference","canal",2,2,0,2,"gesture",0.996272353389874,0.546074673159437,1.773497561761,0.699434896564034,-1.09914784856301,0,"L2 correct",31,31,1305,1305,1305,1336,2,2,"Pilot_PPN_2",0
"370","C4.I.19","no","same","-written accent, -stress difference","centro",1,1,0,2,"gesture",1.08652503758962,0.938839301670105,1.30474767638258,1.04891313585526,-1.80042883632473,226,"L2 incorrect & L1 mismatch",-191,-191,1145,1145,1371,1180,2,2,"Pilot_PPN_2",0
"371","C4.I.20","no","same","-written accent, -stress difference","insectos",2,2,0,3,"gesture",1.56065051892034,-0.72577936926177,2.38601483033576,3.06900853565431,-1.89920755322373,0,"L2 correct",20,20,1250,1250,1250,1270,2,3,"Pilot_PPN_2",0
"372","C4.E.21","no","same","-written accent, -stress difference","planeta",2,2,0,3,"gesture",0.896807991442666,-0.328238567103418,2.15154970471269,0.894288836459414,-4.38927099336343,0,"L2 correct",30,30,1396,1396,1396,1426,2,3,"Pilot_PPN_2",0
"373","P.C1.1","yes","difference","+written accent, +stress difference","simpático",3,2,1,4,"gesture",NA,NA,NA,NA,NA,NA,NA,NA,NA,NA,NA,NA,NA,NA,NA,NA,0
"374","P.C1.2","yes","difference","+written accent, +stress difference","símbolo",2,1,1,3,"gesture",NA,NA,NA,NA,NA,NA,NA,NA,NA,NA,NA,NA,NA,NA,NA,NA,0
"375","P.C1.3","yes","difference","+written accent, +stress difference","kilómetro",3,2,1,4,"gesture",NA,NA,NA,NA,NA,NA,NA,NA,NA,NA,NA,NA,NA,NA,NA,NA,0
"376","P.C2.1","no","difference","-written accent, +stress difference","carnaval",1,3,-2,3,"gesture",NA,NA,NA,NA,NA,NA,NA,NA,NA,NA,NA,NA,NA,NA,NA,NA,0
"377","P.C2.2","no","difference","-written accent, +stress difference","democracia",4,3,1,4,"gesture",NA,NA,NA,NA,NA,NA,NA,NA,NA,NA,NA,NA,NA,NA,NA,NA,0
"378","P.C2.3","no","difference","-written accent, +stress difference","voleibol",1,3,-2,3,"gesture",NA,NA,NA,NA,NA,NA,NA,NA,NA,NA,NA,NA,NA,NA,NA,NA,0
"379","P.C3.1","yes","same","+written accent, -stress difference","económico",3,3,0,5,"gesture",NA,NA,NA,NA,NA,NA,NA,NA,NA,NA,NA,NA,NA,NA,NA,NA,0
"380","P.C3.2","yes","same","+written accent, -stress difference","energía",3,3,0,4,"gesture",NA,NA,NA,NA,NA,NA,NA,NA,NA,NA,NA,NA,NA,NA,NA,NA,0
"381","P.C3.3","yes","same","+written accent, -stress difference","ecología",4,4,0,5,"gesture",NA,NA,NA,NA,NA,NA,NA,NA,NA,NA,NA,NA,NA,NA,NA,NA,0
"382","P.C4.1","no","same","-written accent, -stress difference","mandarina",3,3,0,4,"gesture",NA,NA,NA,NA,NA,NA,NA,NA,NA,NA,NA,NA,NA,NA,NA,NA,0
"383","P.C4.2","no","same","-written accent, -stress difference","sistema",2,2,0,3,"gesture",NA,NA,NA,NA,NA,NA,NA,NA,NA,NA,NA,NA,NA,NA,NA,NA,0
"384","P.C4.3","no","same","-written accent, -stress difference","bailarina",3,3,0,4,"gesture",NA,NA,NA,NA,NA,NA,NA,NA,NA,NA,NA,NA,NA,NA,NA,NA,0
